{
    "000000.jpg": [
        1092.2447702159002,
        656.5162696105019,
        1251.8511362255413,
        718.9055886676222
    ],
    "000001.jpg": [
        1091.501293479349,
        661.699409712325,
        1252.925082739592,
        724.6404815151068
    ],
    "000002.jpg": [
        1089.3106623206666,
        665.0822709980973,
        1252.5844907023134,
        728.6295259032117
    ],
    "000003.jpg": [
        1086.7739812014281,
        664.0813203988249,
        1252.0439049685513,
        728.5464426078797
    ],
    "000004.jpg": [
        1084.013994680064,
        660.4971037190876,
        1251.310431571361,
        725.8714805549406
    ],
    "000005.jpg": [
        1080.890947586758,
        658.1410595377888,
        1250.222099624707,
        724.3281445842929
    ],
    "000006.jpg": [
        1077.8081694875339,
        658.8661138697287,
        1249.2296410032145,
        725.8474528148731
    ],
    "000007.jpg": [
        1075.1266831499904,
        658.8516739296934,
        1248.689761321696,
        726.605603381654
    ],
    "000008.jpg": [
        1072.816893151051,
        657.4312798573637,
        1248.63898122536,
        726.0957204338187
    ],
    "000009.jpg": [
        1070.6985026376226,
        656.8741216208398,
        1248.8818516922047,
        726.5291234636425
    ],
    "0000010.jpg": [
        1069.257164134169,
        657.7362280383484,
        1249.8559116955394,
        728.3046482485505
    ],
    "0000011.jpg": [
        1068.4822271806695,
        661.4716182185266,
        1251.600616128685,
        732.9760793396558
    ],
    "0000012.jpg": [
        1068.5150504392243,
        664.3121105110669,
        1254.278094881963,
        736.8396771248531
    ],
    "0000013.jpg": [
        1069.1297591501482,
        665.3789423914178,
        1257.7279787663385,
        739.1899039431554
    ],
    "0000014.jpg": [
        1070.1164919233859,
        665.8116795481425,
        1261.7133809905336,
        741.0895008870477
    ],
    "0000015.jpg": [
        1071.4790360000422,
        666.282286477448,
        1266.0936270685204,
        742.8180334182795
    ],
    "0000016.jpg": [
        1073.8169557229467,
        667.963637391435,
        1271.5073127805265,
        745.5966801499163
    ],
    "0000017.jpg": [
        1075.9500927781878,
        666.7799966978657,
        1276.8404641194425,
        745.604188568786
    ],
    "0000018.jpg": [
        1078.6916146974752,
        661.5183811442425,
        1282.9928853833724,
        741.7975460480868
    ],
    "0000019.jpg": [
        1081.2534976329773,
        654.7877716311112,
        1289.1261930272585,
        736.668564031312
    ],
    "0000020.jpg": [
        1084.341210639944,
        652.4051310374887,
        1295.7889003385505,
        735.5196498433492
    ],
    "0000021.jpg": [
        1087.5251319138517,
        655.6541989437646,
        1302.7813639159779,
        740.2162281492349
    ],
    "0000022.jpg": [
        1090.9764800926177,
        663.3986064401821,
        1310.3216199022165,
        749.7117017620009
    ],
    "0000023.jpg": [
        1095.072083646077,
        666.846478866166,
        1318.5314166443695,
        754.6172723777931
    ],
    "0000024.jpg": [
        1097.8669702602338,
        662.6185130871572,
        1325.6450160165848,
        752.1779536149318
    ],
    "0000025.jpg": [
        1101.6147143034948,
        654.3889870820276,
        1333.994483478022,
        746.0571087129123
    ],
    "0000026.jpg": [
        1106.7358971830893,
        648.745762772482,
        1343.98492573368,
        742.6610653976687
    ],
    "0000027.jpg": [
        1111.7207395166552,
        648.0952647080361,
        1354.0411886040927,
        744.2898296065435
    ],
    "0000028.jpg": [
        1115.9941232142562,
        647.9950016018389,
        1363.4095060381521,
        746.1401595337892
    ],
    "0000029.jpg": [
        1120.0589628698253,
        644.7716473967924,
        1372.6464861497477,
        744.6720009008004
    ],
    "0000030.jpg": [
        1124.5624847016486,
        641.8989699309649,
        1382.657279430291,
        743.9412179002154
    ],
    "0000031.jpg": [
        1129.039011183872,
        641.7896764548351,
        1392.899912805163,
        746.1483382399426
    ],
    "0000032.jpg": [
        1133.4188179524178,
        645.5363886941893,
        1403.2050725979345,
        752.0692153049977
    ],
    "0000033.jpg": [
        1137.6449689715546,
        646.3361408073372,
        1413.6128447013152,
        755.2257923465755
    ],
    "0000034.jpg": [
        1142.4137253647666,
        642.582001266121,
        1424.9657498284125,
        754.3218313697015
    ],
    "0000035.jpg": [
        1146.9322959600104,
        640.2063344520985,
        1436.365313047793,
        754.9888248472138
    ],
    "0000036.jpg": [
        1150.8460308587912,
        643.2192115324723,
        1447.485958847815,
        761.2514129210858
    ],
    "0000037.jpg": [
        1155.2024255132033,
        645.9729509370405,
        1459.1103632952645,
        766.704282091475
    ],
    "0000038.jpg": [
        1159.7602816346882,
        642.8982740203111,
        1471.0972299934647,
        766.1372974325245
    ],
    "0000039.jpg": [
        1164.8548912716597,
        634.3997200753317,
        1483.9547619571379,
        760.3089969685199
    ],
    "0000040.jpg": [
        1170.1003688080687,
        629.458817786038,
        1497.501084125712,
        758.536366454843
    ],
    "0000041.jpg": [
        1175.6141777879357,
        632.358812502992,
        1511.8807776638419,
        764.9963857104797
    ],
    "0000042.jpg": [
        1181.6105249799607,
        639.2795379653073,
        1527.0739166755156,
        775.2618871959762
    ],
    "0000043.jpg": [
        1187.9464585281803,
        641.7505205491657,
        1542.857890034688,
        780.8024721534192
    ],
    "0000044.jpg": [
        1195.2260294146565,
        635.1011918870822,
        1560.1296681788406,
        777.6255119719085
    ],
    "0000045.jpg": [
        1202.2710481549175,
        625.1490124965222,
        1577.9676160101753,
        772.1420143366131
    ],
    "0000046.jpg": [
        1209.3223918235092,
        620.6664269448047,
        1596.6323831817238,
        772.780141343951
    ],
    "0000047.jpg": [
        1216.9205847345809,
        625.273677360441,
        1616.391514474943,
        782.2134932564453
    ],
    "0000048.jpg": [
        1225.112117993346,
        631.7140458308291,
        1637.3726228520852,
        793.3859834907969
    ],
    "0000049.jpg": [
        1233.7909805930833,
        631.4392720465569,
        1659.5783074977626,
        798.1910622279305
    ],
    "0000050.jpg": [
        1243.0391887672818,
        623.6709792605831,
        1683.1962553224603,
        795.9966919925715
    ],
    "0000051.jpg": [
        1252.4275394062438,
        616.0977452218655,
        1708.1192869754973,
        794.9398982119608
    ],
    "0000052.jpg": [
        1262.6292922680993,
        616.6991159285425,
        1734.8217548291523,
        801.9328529775515
    ],
    "0000053.jpg": [
        1274.049130371391,
        624.8250410589111,
        1763.6728975519156,
        815.8245712754409
    ],
    "0000054.jpg": [
        1286.225593666189,
        631.3368261350757,
        1794.5869644527993,
        828.4950445429265
    ],
    "0000055.jpg": [
        1299.155735341634,
        629.8002794874742,
        1827.7458588540983,
        833.9816227385359
    ],
    "0000056.jpg": [
        1312.9855830427261,
        623.6151749106613,
        1863.539458490908,
        835.9007552377803
    ],
    "0000057.jpg": [
        1327.5091413547088,
        616.4150964435988,
        1901.7499025960626,
        837.4265269742375
    ],