{
    "000000.jpg": [
        201.917651408363,
        662.0425363635657,
        553.8358115733706,
        777.2425099205002
    ],
    "000001.jpg": [
        181.71375841822564,
        672.5729536377828,
        543.3462231806378,
        790.8654664765131
    ],
    "000002.jpg": [
        158.91965857227734,
        677.0440047084438,
        531.1467837012559,
        798.2074639466551
    ],
    "000003.jpg": [
        133.08656729136385,
        671.1378520670224,
        516.8543092182474,
        795.3032115073676
    ],
    "000004.jpg": [
        106.26971647352066,
        663.8989370362409,
        502.12860400773076,
        791.6014373816702
    ],
    "000005.jpg": [
        76.87749449927232,
        662.1227071213775,
        485.6764366752797,
        793.2608910605591
    ],
    "000006.jpg": [
        45.04840261182268,
        664.2058957798665,
        467.57503006585983,
        799.1433261778794
    ],
    "000007.jpg": [
        10.937937995698784,
        666.8183282401181,
        448.20084955831544,
        805.6384257885379
    ],
    "000008.jpg": [
        1266.3589571856355,
        665.2253642452289,
        1902.790677651149,
        891.4238142306789
    ],
    "000009.jpg": [
        1214.1717056601824,
        662.5368090926883,
        1867.137838230887,
        895.4678696704293
    ],
    "0000010.jpg": [
        1159.5105521481821,
        659.9603781079815,
        1829.9243924011053,
        900.3485424971337
    ],
    "0000011.jpg": [
        1101.9692683873263,
        658.7719854569201,
        1790.5986388934002,
        907.747191693902
    ],
    "0000012.jpg": [
        1040.8295316655515,
        660.933716431602,
        1748.5467795743677,
        919.4938242181896
    ],
    "0000013.jpg": [
        974.4758258605141,
        661.5730936729019,
        1701.6862276678785,
        931.330349548777
    ],
    "0000014.jpg": [
        902.2526833227926,
        660.5741860437417,
        1649.626637862836,
        942.5876050928495
    ],
    "0000015.jpg": [
        824.172725446823,
        660.3981571882372,
        1592.7531868353512,
        955.2056275157271
    ],
    "0000016.jpg": [
        739.456538620671,
        660.0912963500475,
        1530.4609323121645,
        967.9442328153802
    ],
    "0000017.jpg": [
        647.425690084566,
        659.8590194254529,
        1462.079381621541,
        981.2591042129476
    ],
    "0000018.jpg": [
        546.1801855978657,
        658.1980890506737,
        1385.2697991858872,
        994.9954953534748
    ],
    "0000019.jpg": [
        434.29939597743567,
        657.3184844517676,
        1298.2592699184038,
        1012.6473595958985
    ],
    "0000020.jpg": [
        311.0678421011951,
        657.6893245079697,
        1200.4527728660842,
        1034.8684115592982
    ],
    "0000021.jpg": [
        173.8713922259257,
        657.4482711150121,
        1089.9674792288254,
        1058.3162828071886
    ],
    "0000022.jpg": [
        20.60840465193462,
        658.7381435772301,
        965.2190447427034,
        1084.0211945531328
    ],
    "0000023.jpg": [
        1016.6451646180615,
        243.66790844605657,
        1771.2076448690611,
        831.0497472125473
    ],
    "0000024.jpg": [
        862.6569663757646,
        244.7093409074792,
        1507.3858767281774,
        832.0796019004789
    ],
    "0000025.jpg": [
        707.7670283456748,
        244.61326571846038,
        1241.7882500992912,
        832.4079741024226
    ],
    "0000026.jpg": [
        552.462777134738,
        243.2885624992661,
        974.166753710049,
        832.1888789409634
    ],
    "0000027.jpg": [
        396.47718620742904,
        242.34863770172083,
        704.6199914536872,
        832.3563236892785
    ]
}