{
    "000000.jpg": [
        201.91765140836276,
        659.2712080844477,
        553.8358115733704,
        787.7381854696965
    ],
    "000001.jpg": [
        181.71375841822558,
        669.9501694630153,
        543.3462231806377,
        801.6142036550481
    ],
    "000002.jpg": [
        158.91965857227711,
        674.2514701235787,
        531.1467837012563,
        809.6110183121835
    ],
    "000003.jpg": [
        133.0865672913636,
        668.1683451509899,
        516.8543092182473,
        807.4199562278095
    ],
    "000004.jpg": [
        106.2697164735205,
        661.0904347169169,
        502.12860400773087,
        804.093259168395
    ],
    "000005.jpg": [
        76.87749449927236,
        659.1977493010971,
        485.67643667527983,
        806.4805400420074
    ],
    "000006.jpg": [
        45.048402611822326,
        661.3045537603149,
        467.5750300658596,
        813.0054592969725
    ],
    "000007.jpg": [
        10.937937995699292,
        663.8276903531848,
        448.2008495583158,
        820.3416089059159
    ],
    "000008.jpg": [
        1266.3589571856364,
        661.9999745492049,
        1902.7906776511497,
        912.9470295989686
    ],
    "000009.jpg": [
        1214.171705660183,
        658.3254730960313,
        1867.1378382308872,
        918.7952692630247
    ],
    "0000010.jpg": [
        1159.5105521481805,
        654.8203669232489,
        1829.924392401104,
        925.6303050093775
    ],
    "0000011.jpg": [
        1101.969268387327,
        653.0781963197485,
        1790.5986388934011,
        935.1157996926411
    ],
    "0000012.jpg": [
        1040.8295316655522,
        654.8649618430563,
        1748.546779574369,
        949.1457118437884
    ],
    "0000013.jpg": [
        974.475825860514,
        655.8511483850597,
        1701.6862276678798,
        963.4158162780446
    ],
    "0000014.jpg": [
        902.2526833227932,
        655.3441471741161,
        1649.6266378628382,
        977.3756730263812
    ],
    "0000015.jpg": [
        824.172725446822,
        655.3024513940444,
        1592.7531868353506,
        993.2029472828092
    ],
    "0000016.jpg": [
        739.4565386206729,
        654.4597196359798,
        1530.4609323121667,
        1009.8386136057414
    ],
    "0000017.jpg": [
        647.4256900845659,
        653.0997018424697,
        1462.079381621541,
        1027.8423187261005
    ],
    "0000018.jpg": [
        546.1801855978636,
        650.6451878847729,
        1385.2697991858872,
        1046.9095087735107
    ],
    "0000019.jpg": [
        433.9668947793119,
        649.9310013051117,
        1298.2592699184038,
        1070.3367942230711
    ],
    "0000020.jpg": [
        309.4786077183688,
        651.3236257880687,
        1200.4527728660828,
        1099.0799910355497
    ],
    "0000021.jpg": [
        171.10087131100826,
        651.6488749531595,
        1089.9674792288254,
        1130.6402574139488
    ],
    "0000022.jpg": [
        17.31068776943026,
        652.131195525985,
        965.3535289987559,
        1167.188111395082
    ],
    "0000023.jpg": [
        1015.9789276855479,
        234.52269423114072,
        1771.2076448690611,
        835.8915074055003
    ],
    "0000024.jpg": [
        833.6788080175089,
        235.5668140140722,
        1507.5625747997685,
        837.4237010010827
    ],
    "0000025.jpg": [
        564.4831394474861,
        235.3971454883149,
        1242.5686765125563,
        837.9144255876857
    ],
    "0000026.jpg": [
        292.81175895646555,
        233.58885049698014,
        976.3506745479469,
        836.8650001827261
    ],
    "0000027.jpg": [
        18.973130802521055,
        232.02498449666916,
        786.3986293989778,
        836.0702562118511
    ]
}