{
    "000000.jpg": [
        601.6554327973665,
        682.4020365387639,
        750.8058094565953,
        720.738862803728
    ],
    "000001.jpg": [
        597.4054979099114,
        686.6563260108688,
        748.5619855599602,
        725.559166781782
    ],
    "000002.jpg": [
        592.7724118446708,
        688.2773573409504,
        746.0073010904965,
        727.6978315277917
    ],
    "000003.jpg": [
        588.5252620880736,
        686.6512790745245,
        743.9449308836728,
        726.3590188131052
    ],
    "000004.jpg": [
        583.772028886575,
        686.7425495816149,
        741.4422461719168,
        726.698767281061
    ],
    "000005.jpg": [
        578.178021522427,
        692.5595721349526,
        738.168818455337,
        732.7265274495638
    ],
    "000006.jpg": [
        572.5224551569353,
        695.9589863901837,
        734.7872018438683,
        736.7416517403702
    ],
    "000007.jpg": [
        566.6549385634563,
        692.5945558821942,
        731.2150537858904,
        734.174423191798
    ],
    "000008.jpg": [
        560.9863415342295,
        684.0373995561521,
        727.9085663852884,
        726.3991204819891
    ],
    "000009.jpg": [
        555.2182643370762,
        680.2729776620564,
        724.6066480987482,
        723.230227398374
    ],
    "0000010.jpg": [
        549.4575904740889,
        685.154795386861,
        721.3863146076799,
        728.5956154205484
    ],
    "0000011.jpg": [
        543.684733976815,
        692.8306434006909,
        718.1501277354092,
        736.9830869404606
    ],
    "0000012.jpg": [
        537.7054488660337,
        694.6629400858893,
        714.7226826001887,
        739.7748716561572
    ],
    "0000013.jpg": [
        532.2580271027574,
        688.1719529166838,
        711.929978692863,
        734.1221496385812
    ],
    "0000014.jpg": [
        526.2977294452629,
        680.9994901455714,
        708.8230224503595,
        727.3743269001312
    ],
    "0000015.jpg": [
        519.9922079681246,
        680.7887405452602,
        705.4929973029051,
        727.3953953447748
    ],
    "0000016.jpg": [
        513.5653587718602,
        687.9799166281321,
        702.0232070347171,
        735.1331205789859
    ],
    "0000017.jpg": [
        507.0369801197605,
        695.8426325516263,
        698.4855264100833,
        743.7546683559964
    ],
    "0000018.jpg": [
        500.3606559751083,
        697.2388614816174,
        694.911945913099,
        745.8865811307825
    ],
    "0000019.jpg": [
        493.55237435165395,
        691.8513804865755,
        691.3371873464777,
        741.152986388119
    ],
    "0000020.jpg": [
        486.30383459763544,
        688.6539021817862,
        687.4986596841164,
        738.3438204735178
    ],
    "0000021.jpg": [
        479.2363960452174,
        691.6556203334342,
        683.8458159474382,
        742.0253061273638
    ],
    "0000022.jpg": [
        472.22179256811285,
        698.9947640816473,
        680.2016173523391,
        750.5838707842878
    ],
    "0000023.jpg": [
        464.89164947117723,
        704.3961571616577,
        676.3614294842089,
        757.2590211228587
    ],
    "0000024.jpg": [
        457.3404800218637,
        702.8375470828182,
        672.4876208505416,
        756.8192362246567
    ],
    "0000025.jpg": [
        449.67213521495086,
        698.3660916934883,
        668.685608556007,
        753.2478700596921
    ],
    "0000026.jpg": [
        441.51325845422645,
        693.060516406258,
        664.526688636004,
        748.8717298301204
    ],
    "0000027.jpg": [
        433.42018671609554,
        691.2978892026279,
        660.498827619361,
        748.2463997786402
    ],
    "0000028.jpg": [
        424.99591183568026,
        693.7864753791027,
        656.3477652247213,
        751.6043432446626
    ],
    "0000029.jpg": [
        416.6937691829884,
        696.7873360710086,
        652.4841184300552,
        755.387483571456
    ],
    "0000030.jpg": [
        407.4361227245622,
        700.2800077870448,
        647.8538689404849,
        759.6899955170718
    ],
    "0000031.jpg": [
        397.87947527347063,
        701.3763662729211,
        643.0185691442658,
        761.9216913299608
    ],
    "0000032.jpg": [
        388.01343254061567,
        700.1510652874928,
        637.9904386712008,
        762.1070672313704
    ],
    "0000033.jpg": [
        378.1518095064717,
        696.6539473639918,
        633.1633476612277,
        759.993218625863
    ],
    "0000034.jpg": [
        366.75276965678063,
        695.1723357542077,
        627.1380481519188,
        759.5522367057588
    ],
    "0000035.jpg": [
        354.4974355532908,
        697.2712176274156,
        620.5085216506417,
        762.5796707859852
    ],
    "0000036.jpg": [
        341.73997388087884,
        701.2333878734814,
        613.4686829743505,
        767.9741419946898
    ],
    "0000037.jpg": [
        328.4133429752764,
        705.4182522386977,
        605.9894865645022,
        774.0387733036006
    ],
    "0000038.jpg": [
        314.50055715111114,
        708.6242526783067,
        598.3921289608663,
        778.3724018945068
    ],
    "0000039.jpg": [
        300.8200986231812,
        712.7453178366675,
        591.3915157598661,
        783.0743963863299
    ],
    "0000040.jpg": [
        285.89185905139647,
        717.0205160527612,
        583.4941769032592,
        787.8630856285447
    ],
    "0000041.jpg": [
        269.72264602365624,
        718.6932908315835,
        574.579623626934,
        790.6100617711102
    ],
    "0000042.jpg": [
        253.12419016641755,
        716.2652047209376,
        565.427383806175,
        789.822840403479
    ],
    "0000043.jpg": [
        236.62783959934055,
        712.1228499269145,
        556.771052014697,
        787.0154118683422
    ],
    "0000044.jpg": [
        219.24178701292124,
        709.971828137241,
        547.6057783110195,
        786.1680381685514
    ],
    "0000045.jpg": [
        201.08559683765228,
        709.6552294676424,
        537.905869209735,
        787.762014675433
    ],
    "0000046.jpg": [
        181.29303739254433,
        711.2639168003859,
        526.9602233009471,
        791.5976743885809
    ],
    "0000047.jpg": [
        161.59532042893971,
        712.5224180869411,
        516.4286901270652,
        795.2735482329932
    ],
    "0000048.jpg": [
        140.85908213350427,
        712.7640937303483,
        505.4508970262534,
        797.5465338439604
    ],
    "0000049.jpg": [
        118.9051537608833,
        714.5290078272972,
        493.8218548444339,
        801.1448797824321
    ],
    "0000050.jpg": [
        96.15818477255466,
        718.8826450843619,
        481.9013038050336,
        807.3772135656666
    ],
    "0000051.jpg": [
        71.8614872105416,
        722.3349117574722,
        468.9985531843276,
        813.0130937313081
    ],
    "0000052.jpg": [
        46.327805177265155,
        723.0407185851477,
        455.4537498016737,
        816.0997722256634
    ],
    "0000053.jpg": [
        19.490804079752092,
        723.6127346494275,
        441.33018312563405,
        818.8353651867104
    ],
    "0000054.jpg": [
        43.45138478915727,
        791.2279739378498,
        788.4787511719655,
        973.6571631416385
    ],
    "0000055.jpg": [
        100.8570318831988,
        793.577474036567,
        861.3543541587851,
        984.5643398629895
    ],
    "0000056.jpg": [
        161.0757780825379,
        795.2314240964663,
        939.3744803305814,
        995.0011591217964
    ],
    "0000057.jpg": [
        223.11498000796695,
        797.6454302017462,
        1022.2195397231767,
        1006.1462550811837
    ],
    "0000058.jpg": [
        287.07200776775784,
        800.1781877689145,
        1110.3674519525111,
        1018.2142804483613
    ],