{
    "000000.jpg": [
        601.6554327973665,
        679.5608553210627,
        750.8058094565953,
        724.5395465569484
    ],
    "000001.jpg": [
        597.4054979099114,
        683.8447051255671,
        748.5619855599604,
        729.3553862534392
    ],
    "000002.jpg": [
        592.7724118446708,
        685.4366741771333,
        746.0073010904965,
        731.5493772225863
    ],
    "000003.jpg": [
        588.5252620880735,
        683.5444859886711,
        743.9449308836728,
        730.5028980073226
    ],
    "000004.jpg": [
        583.7720288865748,
        683.3175628280935,
        741.4422461719167,
        731.1886859689338
    ],
    "000005.jpg": [
        578.178021522427,
        688.7606286847737,
        738.1688184553369,
        737.6207877724528
    ],
    "000006.jpg": [
        572.5224551569355,
        692.1766971659366,
        734.7872018438683,
        741.6505781822206
    ],
    "000007.jpg": [
        566.6549385634562,
        689.0018767393133,
        731.2150537858903,
        738.9259596749117
    ],
    "000008.jpg": [
        560.9863415342296,
        680.6105268015662,
        727.9085663852885,
        731.0173825621971
    ],
    "000009.jpg": [
        555.2182643370762,
        676.8087337295347,
        724.6066480987482,
        727.919851307961
    ],
    "0000010.jpg": [
        549.4575904740889,
        681.5211040576263,
        721.3863146076798,
        733.4902782857123
    ],
    "0000011.jpg": [
        543.6847339768149,
        689.2364639633472,
        718.1501277354091,
        741.8752084618491
    ],
    "0000012.jpg": [
        537.7054488660337,
        691.3436578895212,
        714.7226826001887,
        744.430225402121
    ],
    "0000013.jpg": [
        532.2580271027574,
        685.0010144763957,
        711.9299786928628,
        738.6667795624707
    ],
    "0000014.jpg": [
        526.2977294452629,
        677.5481247555161,
        708.8230224503595,
        732.2390799315609
    ],
    "0000015.jpg": [
        519.9922079681245,
        676.8405346784346,
        705.4929973029051,
        732.7991533883538
    ],
    "0000016.jpg": [
        513.5653587718602,
        683.8221746626064,
        702.0232070347171,
        740.7909816140924
    ],
    "0000017.jpg": [
        507.0369801197606,
        691.6633484071563,
        698.4855264100833,
        749.4805597765535
    ],
    "0000018.jpg": [
        500.3606559751084,
        693.0009297577635,
        694.911945913099,
        751.7188643572648
    ],
    "0000019.jpg": [
        493.552374351654,
        687.4603866891812,
        691.3371873464777,
        747.1873304652393
    ],
    "0000020.jpg": [
        486.3038345976354,
        683.819868112161,
        687.4986596841165,
        744.8731529305692
    ],
    "0000021.jpg": [
        479.2363960452174,
        686.6379612424392,
        683.8458159474382,
        748.7922601580665
    ],
    "0000022.jpg": [
        472.2217925681129,
        694.2973865114365,
        680.2016173523391,
        757.0871530600879
    ],
    "0000023.jpg": [
        464.8916494711771,
        700.0454166710762,
        676.3614294842089,
        763.4750129093005
    ],
    "0000024.jpg": [
        457.3404800218638,
        698.6606169861199,
        672.4876208505416,
        762.9226840844326
    ],
    "0000025.jpg": [
        449.6721352149509,
        694.1226267073777,
        668.685608556007,
        759.4812798989489
    ],
    "0000026.jpg": [
        441.51325845422656,
        688.7517553875775,
        664.526688636004,
        755.237408651486
    ],
    "0000027.jpg": [
        433.4201867160955,
        687.095056580378,
        660.498827619361,
        754.5758984418583
    ],
    "0000028.jpg": [
        424.9959118356802,
        689.3847564774295,
        656.3477652247213,
        758.2064731731125
    ],
    "0000029.jpg": [
        416.6937691829885,
        692.0652136253151,
        652.4841184300554,
        762.3861979618757
    ],
    "0000030.jpg": [
        407.43612272456227,
        695.2235072856028,
        647.8538689404847,
        767.1057060126715
    ],
    "0000031.jpg": [
        397.87947527347063,
        696.2746117998689,
        643.0185691442657,
        769.469218780125
    ],
    "0000032.jpg": [
        388.01343254061567,
        695.2418544333852,
        637.9904386712005,
        769.5528426472308
    ],
    "0000033.jpg": [
        378.15180950647175,
        691.873096323693,
        633.1633476612278,
        767.4045266044175
    ],
    "0000034.jpg": [
        366.7527696567806,
        690.128775057112,
        627.1380481519187,
        767.3301434343688
    ],
    "0000035.jpg": [
        354.4974355532908,
        691.8001994217421,
        620.5085216506416,
        770.8970632782624
    ],
    "0000036.jpg": [
        341.7399738808788,
        695.7821670063189,
        613.4686829743505,
        776.3912928679256
    ],
    "0000037.jpg": [
        328.4133429752765,
        700.3776858618194,
        605.9894865645023,
        782.1727463869033
    ],
    "0000038.jpg": [
        314.50055715111137,
        703.1956407611286,
        598.3921289608662,
        787.0289233507501
    ],
    "0000039.jpg": [
        300.8200986231811,
        706.3328207162392,
        591.391515759866,
        792.8534128255243
    ],
    "0000040.jpg": [
        285.8918590513964,
        709.4923834054837,
        583.4941769032592,
        798.9086556795062
    ],
    "0000041.jpg": [
        269.72264602365624,
        710.5427257331089,
        574.579623626934,
        802.4416038713011
    ],
    "0000042.jpg": [
        253.1241901664176,
        707.9987951631601,
        565.4273838061749,
        801.9420909456876
    ],
    "0000043.jpg": [
        236.6278395993406,
        703.376093347078,
        556.771052014697,
        799.79260226093
    ],
    "0000044.jpg": [
        219.2417870129211,
        700.6341531429374,
        547.6057783110194,
        799.727310578712
    ],
    "0000045.jpg": [
        201.08559683765233,
        700.2424928408775,
        537.9058692097351,
        801.6021165937807
    ],
    "0000046.jpg": [
        181.29303739254433,
        701.995952164364,
        526.960223300947,
        805.5195995680521
    ],
    "0000047.jpg": [
        161.59532042893974,
        703.5089595694309,
        516.4286901270652,
        809.1765895636491
    ],
    "0000048.jpg": [
        140.85908213350453,
        703.534241914778,
        505.4508970262534,
        811.9181852874339
    ],
    "0000049.jpg": [
        118.9051537608832,
        704.7843560961571,
        493.82185484443386,
        816.3039931537959
    ],
    "0000050.jpg": [
        96.15818477255475,
        708.5540729715692,
        481.9013038050334,
        823.4124611170146
    ],
    "0000051.jpg": [
        71.8614872105416,
        711.6095854678828,
        468.9985531843276,
        829.7632684839555
    ],
    "0000052.jpg": [
        46.327805177265105,
        712.0097404401868,
        455.4537498016739,
        833.4967341133167
    ],
    "0000053.jpg": [
        19.4908040797518,
        711.9418608010816,
        441.33018312563416,
        837.2394450666177
    ],
    "0000054.jpg": [
        43.45138478915662,
        769.845121726779,
        788.4787511719652,
        1019.0627596437608
    ],
    "0000055.jpg": [
        100.8570318831983,
        773.4997065344439,
        861.3543541587846,
        1032.6660692967662
    ],
    "0000056.jpg": [
        161.0757780825384,
        775.9718304776698,
        939.3744803305814,
        1046.1856950472509
    ],
    "0000057.jpg": [
        223.11498000796587,
        778.3115029822778,
        1022.2195397231762,
        1060.9906448481938
    ],
    "0000058.jpg": [
        287.07200776775784,
        780.5777658324655,
        1110.3674519525111,
        1077.257249437951
    ],