{
    "000000.jpg": [
        1078.3253311454664,
        658.7260890967491,
        1389.9523631330098,
        838.5620316272879
    ],
    "000001.jpg": [
        1128.4164231328944,
        661.6324197942554,
        1448.2647316460695,
        846.7528557552865
    ],
    "000002.jpg": [
        1184.2238157252534,
        663.009501000283,
        1513.2501356370287,
        854.0116795292215
    ],
    "000003.jpg": [
        1248.0195453651797,
        660.3395109474621,
        1587.6317225576613,
        858.0319410865866
    ],
    "000004.jpg": [
        1317.8570106492627,
        657.0715212233606,
        1669.8055673643182,
        862.4400951783805
    ],
    "000005.jpg": [
        1392.4971212355772,
        655.7336836010272,
        1758.3686457079075,
        869.6244356616694
    ],
    "000006.jpg": [
        1474.1892017145894,
        653.9794924837246,
        1855.7330417613632,
        877.2354857177826
    ],
    "000007.jpg": [
        63.731956703116744,
        652.2401637141542,
        452.4086081406248,
        893.3524182527594
    ],
    "000008.jpg": [
        182.88429968468813,
        650.784641458504,
        562.745534901794,
        893.6789852669308
    ],
    "000009.jpg": [
        302.3994846937805,
        646.7079328483933,
        674.6597237795523,
        892.1588079432235
    ],
    "0000010.jpg": [
        423.66516542385733,
        642.6808201677426,
        789.1319105440441,
        891.1300368196877
    ],
    "0000011.jpg": [
        548.2527390491247,
        641.1377820993472,
        907.4070467029213,
        892.6402915825172
    ],
    "0000012.jpg": [
        675.7971987221624,
        640.494070470986,
        1029.4701662993875,
        895.4920269915116
    ],
    "0000013.jpg": [
        806.4321090216714,
        640.1893459464493,
        1155.5171225496938,
        900.2430366617752
    ],
    "0000014.jpg": [
        940.0316522518395,
        637.9619425340884,
        1285.5760653756483,
        904.9254481650935
    ],
    "0000015.jpg": [
        1078.0779770951278,
        632.87817806337,
        1421.1987892495292,
        907.8586376372599
    ],
    "0000016.jpg": [
        1221.7861982755683,
        630.634418107764,
        1563.2677540872498,
        914.8460452264242
    ],
    "0000017.jpg": [
        1370.0914867910408,
        626.194590551667,
        1718.0322054485723,
        920.8736478464249
    ],
    "0000018.jpg": [
        1526.2409886514927,
        625.510396213663,
        1896.240466160646,
        932.2365647620242
    ],
    "0000019.jpg": [
        174.27964103433754,
        205.33541397321562,
        536.3094215965178,
        512.553625945617
    ],
    "0000020.jpg": [
        351.17148389722433,
        205.13499785152274,
        699.8651306200733,
        506.8606321204517
    ],
    "0000021.jpg": [
        504.4858896212222,
        202.11194410664538,
        859.7925284186164,
        499.50105205874127
    ],
    "0000022.jpg": [
        650.5266169506309,
        199.11265702306565,
        1017.7942727327102,
        493.2854152238777
    ],
    "0000023.jpg": [
        794.7838012198089,
        195.65703617746908,
        1176.6521675309964,
        487.61306364511984
    ],
    "0000024.jpg": [
        937.5081212443843,
        193.5220813882272,
        1336.2229040041932,
        484.0581821043311
    ],
    "0000025.jpg": [
        1078.6560612089975,
        193.6778198776618,
        1496.9004079225044,
        483.63648471662634
    ],
    "0000026.jpg": [
        1219.7100116573274,
        192.32365659035207,
        1661.060539762155,
        482.55985880500776
    ],
    "0000027.jpg": [
        1362.3897357096323,
        191.37079733621812,
        1830.3206770130482,
        482.7647874755259
    ]
}