{
    "000000.jpg": [
        1221.2563284889031,
        663.3103734186301,
        1269.180451333071,
        838.562031627288
    ],
    "000001.jpg": [
        1274.2192899323425,
        665.8242465641738,
        1325.4941943038318,
        846.7528557552865
    ],
    "000002.jpg": [
        1333.018581481252,
        666.948074243789,
        1388.4800675957956,
        854.0116795292214
    ],
    "000003.jpg": [
        1400.005840674645,
        664.3667424055241,
        1460.8291731772679,
        858.0319410865867
    ],
    "000004.jpg": [
        1473.250280616857,
        661.7222883805276,
        1540.98199958972,
        862.4400951783803
    ],
    "000005.jpg": [
        1551.4784360542196,
        661.1911540819261,
        1627.5710556642673,
        869.6244356616695
    ],
    "000006.jpg": [
        1636.987865738195,
        660.2254433096595,
        1722.9820878783285,
        877.2354857177826
    ],
    "000007.jpg": [
        232.80496251421337,
        657.1718665404029,
        340.8648820216972,
        886.4466679955643
    ],
    "000008.jpg": [
        343.4206459507836,
        655.7189039425847,
        459.61998833024154,
        887.8376765405342
    ],
    "000009.jpg": [
        454.49466913914966,
        651.8586022474128,
        580.2748425672407,
        887.1765808369374
    ],
    "0000010.jpg": [
        567.2304414644651,
        648.0269477834054,
        703.9249746012002,
        887.11702047781
    ],
    "0000011.jpg": [
        683.034368582581,
        646.4078404930667,
        831.9309164211226,
        890.0504661292432
    ],
    "0000012.jpg": [
        801.5351743738903,
        645.5934272532459,
        964.4405749500181,
        894.5699352661466
    ],
    "0000013.jpg": [
        922.7698117494377,
        645.0143341422802,
        1101.8457494429845,
        900.2430366617752
    ],
    "0000014.jpg": [
        1046.5171009881765,
        642.525369539417,
        1244.418580814592,
        904.9254481650935
    ],
    "0000015.jpg": [
        1174.090622009374,
        637.2746959191576,
        1394.0181973853312,
        907.8586376372599
    ],
    "0000016.jpg": [
        1306.387189441134,
        634.5952779028149,
        1551.917532911133,
        914.8460452264242
    ],
    "0000017.jpg": [
        1442.520827693952,
        630.1638262353998,
        1718.032205448572,
        920.8736478464249
    ],
    "0000018.jpg": [
        1585.041293388,
        629.5493666476708,
        1896.2404661606467,
        932.2365647620242
    ],
    "0000019.jpg": [
        198.37800940594556,
        206.57171977881248,
        536.3094215965178,
        495.0913392330095
    ],
    "0000020.jpg": [
        354.3297698003679,
        206.4024650049977,
        699.8651306200742,
        491.61347293113107
    ],
    "0000021.jpg": [
        504.4858896212222,
        203.44090526274843,
        859.7925284186164,
        486.24175119191995
    ],
    "0000022.jpg": [
        650.5266169506307,
        200.6197466545264,
        1017.7942727327095,
        481.7228773798805
    ],
    "0000023.jpg": [
        794.783801219809,
        197.29584784610427,
        1176.6521675309962,
        477.697302213091
    ],
    "0000024.jpg": [
        937.5081212443845,
        195.11377598933225,
        1336.2229040041955,
        475.9556935260969
    ],
    "0000025.jpg": [
        1078.656061208997,
        195.18574857998502,
        1496.8423615203546,
        477.34138838678746
    ],
    "0000026.jpg": [
        1219.7100116573272,
        193.75212371226215,
        1660.3188673493187,
        478.05355659832844
    ],
    "0000027.jpg": [
        1362.3897357096328,
        192.7502636442231,
        1828.8920552018092,
        480.03440726287874
    ]
}