{
    "000000.jpg": [
        902.9483502945043,
        652.698791206095,
        894.8355274885046,
        718.3335128312048
    ],
    "000001.jpg": [
        902.0379864740214,
        655.7669329464003,
        893.743192728616,
        722.2460652496171
    ],
    "000002.jpg": [
        901.0471294180908,
        652.4171070393542,
        892.5153780371907,
        719.745517037661
    ],
    "000003.jpg": [
        900.3472566722686,
        643.8263536809861,
        891.596504640087,
        712.0142689399404
    ],
    "000004.jpg": [
        899.6312878732471,
        639.6129440250093,
        890.7254321589013,
        708.6850083059029
    ],
    "000005.jpg": [
        899.0219980641103,
        643.7724726975229,
        889.9880027726892,
        713.7553701412412
    ],
    "000006.jpg": [
        898.5735553530004,
        651.1351042639486,
        889.3168816079393,
        722.0479207343243
    ],
    "000007.jpg": [
        898.0050468610966,
        653.1091804508059,
        888.4349548798216,
        724.9629622348866
    ],
    "000008.jpg": [
        898.0403944749463,
        646.4978499123821,
        888.2219349755381,
        719.3106867287872
    ],
    "000009.jpg": [
        897.6455882461512,
        638.3291429867243,
        887.7407634936715,
        712.1383110275959
    ],
    "0000010.jpg": [
        897.0223889294766,
        636.6842891543295,
        887.0931510698093,
        711.5161686235257
    ],
    "0000011.jpg": [
        896.5039543031515,
        643.011594808334,
        886.4100969994545,
        718.8865943437866
    ],
    "0000012.jpg": [
        896.089731263442,
        650.3689377688598,
        885.7460295158876,
        727.3170960088597
    ],
    "0000013.jpg": [
        895.687538642031,
        651.1674758792366,
        885.1168940634838,
        729.2171346017508
    ],
    "0000014.jpg": [
        895.3052421490961,
        644.9834340693475,
        884.5587278370136,
        724.158628871014
    ],
    "0000015.jpg": [
        894.6254967473691,
        640.395923455349,
        883.8013523104077,
        720.7346977688726
    ],
    "0000016.jpg": [
        894.3746903872808,
        642.5250521669991,
        883.342313130508,
        724.0481677079637
    ],
    "0000017.jpg": [
        894.4818885631232,
        649.993843599058,
        883.0294727389423,
        732.7217898841207
    ],
    "0000018.jpg": [
        894.5247071573905,
        655.5471855614911,
        882.6417713859892,
        739.5276731474861
    ],
    "0000019.jpg": [
        894.5348220080443,
        653.7695643003163,
        882.2965802590229,
        739.0455423066857
    ],
    "0000020.jpg": [
        894.6129767361706,
        648.5834586919595,
        882.1122431478173,
        735.19078006953
    ],
    "0000021.jpg": [
        894.4444052183944,
        642.5598814269895,
        881.6710206609991,
        730.5290207277536
    ],
    "0000022.jpg": [
        894.6216768824804,
        640.4191521032888,
        881.4921051106697,
        729.7748835063179
    ],
    "0000023.jpg": [
        894.7098576142935,
        641.895463544863,
        881.3130746553137,
        732.697964011481
    ],
    "0000024.jpg": [
        895.1648486281874,
        643.6117739664137,
        881.532329307836,
        735.9174602506636
    ],
    "0000025.jpg": [
        895.0183977374244,
        645.7644901415354,
        881.1391255260888,
        739.628415312999
    ],
    "0000026.jpg": [
        894.9390480619314,
        646.0878629310871,
        880.699601866849,
        741.5416228681987
    ],
    "0000027.jpg": [
        894.9270371050278,
        644.5549250726777,
        880.2369326369485,
        741.6305859566723
    ],
    "0000028.jpg": [
        895.2318659389189,
        640.6018026777358,
        880.1085996722419,
        739.348986964784
    ],
    "0000029.jpg": [
        894.3915291627576,
        637.8581511052478,
        878.9557181788572,
        738.3445279773961
    ],
    "0000030.jpg": [
        893.0975370361652,
        638.3379993126949,
        877.3722162019907,
        740.6337397378242
    ],
    "0000031.jpg": [
        891.8048983784275,
        641.5611745294542,
        875.6017297474928,
        745.7059509057467
    ],
    "0000032.jpg": [
        890.469989914515,
        645.76411392886,
        873.6307661577758,
        751.8079783297236
    ],
    "0000033.jpg": [
        888.914790536637,
        647.3320325518605,
        871.6971734526634,
        755.391217020429
    ],
    "0000034.jpg": [
        887.9219590170125,
        648.5809459902149,
        870.506467399694,
        758.7558826116301
    ],
    "0000035.jpg": [
        886.2599409593911,
        649.68274572819,
        868.661003263727,
        762.0602529459056
    ],
    "0000036.jpg": [
        884.0769872276171,
        649.1452534151625,
        866.0959771043077,
        763.7781823041898
    ],
    "0000037.jpg": [
        882.1200502817942,
        645.5024275924992,
        863.5687800595095,
        762.4345329730212
    ],
    "0000038.jpg": [
        880.7777973613861,
        639.3947832203525,
        861.7704922551047,
        758.7078024389956
    ],
    "0000039.jpg": [
        879.2030307536285,
        635.0360409445078,
        859.7390767486037,
        756.8141654030347
    ],
    "0000040.jpg": [
        877.6710738227911,
        633.5253720735145,
        857.5271663755489,
        757.8262198739171
    ],
    "0000041.jpg": [
        875.4192051412377,
        634.3517149606507,
        854.4681694138801,
        761.2585679270139
    ],
    "0000042.jpg": [
        873.9340003179583,
        634.9936073081228,
        852.0986035340723,
        764.6081378368214
    ],
    "0000043.jpg": [
        872.2177777236453,
        633.6425745541901,
        849.6309746480891,
        766.0811959378228
    ],
    "0000044.jpg": [
        870.1785719228062,
        633.1681022251988,
        846.8870538276275,
        768.5615694682067
    ],
    "0000045.jpg": [
        868.2917148821044,
        635.0624375319285,
        844.245294872224,
        773.5350267188553
    ],
    "0000046.jpg": [
        866.0102664064818,
        636.3674166119038,
        841.0935408307254,
        778.0443380578496
    ],
    "0000047.jpg": [
        863.6161580805722,
        635.0579412051774,
        837.7576858389011,
        780.0535084221955
    ],
    "0000048.jpg": [
        861.0308974681236,
        632.9142805961538,
        834.28084779704,
        781.3586975558168
    ],
    "0000049.jpg": [
        858.9474330236264,
        631.6120377156144,
        831.3012831493496,
        783.6487370851381
    ],
    "0000050.jpg": [
        857.0038399773771,
        632.5132027289004,
        828.4815161813613,
        788.2895370230984
    ],
    "0000051.jpg": [
        854.773013915839,
        634.427569256814,
        825.1782129176328,
        794.0790647602668
    ],
    "0000052.jpg": [
        852.5654630914734,
        635.8855168537914,
        821.7149894888599,
        799.5315856310992
    ],
    "0000053.jpg": [
        851.7884380485114,
        636.459901407832,
        819.6225373025784,
        804.2183442496773
    ],
    "0000054.jpg": [
        852.2674862924787,
        636.8956207279024,
        818.7498873840223,
        808.9240076442677
    ],
    "0000055.jpg": [
        853.7933022643526,
        636.7810240370446,
        819.0761372116833,
        813.2574507821301
    ],
    "0000056.jpg": [
        857.8115512081911,
        637.0323064928587,
        821.9257024225784,
        818.1050366958867
    ],
    "0000057.jpg": [
        864.4026667223566,
        637.3350668037358,
        827.19930176294,
        823.1092404870496
    ],
    "0000058.jpg": [
        876.0728756837364,
        635.6697077559851,
        837.4274311212619,
        826.2386565095879
    ],