{
    "000000.jpg": [
        827.8284334770406,
        651.0190228603562,
        966.5478839638704,
        719.0884329584492
    ],
    "000001.jpg": [
        825.9222167965594,
        654.0959906212739,
        966.3718501141127,
        722.9671364028487
    ],
    "000002.jpg": [
        823.9235030835538,
        650.704590179298,
        966.0663179525595,
        720.3606484531936
    ],
    "000003.jpg": [
        822.1964625255225,
        642.0612272153794,
        966.0793560350081,
        712.5347055442883
    ],
    "000004.jpg": [
        820.4233569034277,
        637.7995939691967,
        966.1669567723405,
        709.1954639520752
    ],
    "000005.jpg": [
        818.7276063653629,
        641.9160029446114,
        966.4221807058658,
        714.3094200713716
    ],
    "000006.jpg": [
        817.1716385202229,
        649.2299835015466,
        966.7727782669441,
        722.5562116945674
    ],
    "000007.jpg": [
        815.4740935868095,
        651.1463986770534,
        966.9307402828701,
        725.326208270155
    ],
    "000008.jpg": [
        814.3584097078251,
        644.4796057153108,
        967.761754821693,
        719.5806195330598
    ],
    "000009.jpg": [
        812.7739304292958,
        636.2709905089368,
        968.3430482954077,
        712.4910611921507
    ],
    "0000010.jpg": [
        810.9242814863707,
        634.586072163758,
        968.79314438871,
        712.0417259165323
    ],
    "0000011.jpg": [
        809.1505266411267,
        640.8627080008878,
        969.2541301522492,
        719.4639295378462
    ],
    "0000012.jpg": [
        807.449222967476,
        648.1665453659588,
        969.76974799129,
        727.8649247817369
    ],
    "0000013.jpg": [
        805.7289975045334,
        648.9147785981268,
        970.3352714628544,
        729.7477391105551
    ],
    "0000014.jpg": [
        803.9987539508244,
        642.6798896541538,
        970.9817960938286,
        724.7096027391012
    ],
    "0000015.jpg": [
        801.9266501532148,
        638.0484096402839,
        971.460571602788,
        721.4233937744459
    ],
    "0000016.jpg": [
        800.2445046141762,
        640.1155239830716,
        972.2931555586648,
        724.7680182458945
    ],
    "0000017.jpg": [
        798.8905154337292,
        647.4984498026531,
        973.3238812832285,
        733.2659430737054
    ],
    "0000018.jpg": [
        797.4321725264297,
        652.9735599288485,
        974.3113078668486,
        739.8798962280117
    ],
    "0000019.jpg": [
        795.8940266322084,
        651.1275260071745,
        975.3621490160218,
        739.2720858152366
    ],
    "0000020.jpg": [
        794.3788596429032,
        645.8764814350549,
        976.5976725050582,
        735.3878079028375
    ],
    "0000021.jpg": [
        792.5689378344811,
        639.7789735896738,
        977.6146537467407,
        730.6957111426678
    ],
    "0000022.jpg": [
        791.0606109073003,
        637.5424077490985,
        978.9462513353345,
        729.8435197955006
    ],
    "0000023.jpg": [
        789.4022943746963,
        638.9376299397527,
        980.3283860606923,
        732.7862871756519
    ],
    "0000024.jpg": [
        788.0545189565211,
        640.5813232768386,
        982.1548436085498,
        736.0679237292854
    ],
    "0000025.jpg": [
        786.0440305491778,
        642.6636540661272,
        983.4193444884733,
        739.8411550664823
    ],
    "0000026.jpg": [
        784.0516757875262,
        642.8972011929517,
        984.6839301935912,
        741.698893999698
    ],
    "0000027.jpg": [
        782.0754453601808,
        641.2529780560757,
        985.9712215927353,
        741.6370164408008
    ],
    "0000028.jpg": [
        780.351707434195,
        637.1841969119545,
        987.6397838730172,
        739.348986964784
    ],
    "0000029.jpg": [
        777.3997768843483,
        634.3347102845811,
        988.3389145474356,
        738.3445279773961
    ],
    "0000030.jpg": [
        773.9120134621788,
        634.716139527172,
        988.6788103355175,
        740.6337397378242
    ],
    "0000031.jpg": [
        770.3653514635903,
        637.8118017589114,
        988.9051560200259,
        745.7059509057467
    ],
    "0000032.jpg": [
        766.7130113782091,
        641.865001520762,
        989.0000150832899,
        751.8079783297236
    ],
    "0000033.jpg": [
        762.7251939498914,
        643.3351492876666,
        989.1945295717145,
        755.391217020429
    ],
    "0000034.jpg": [
        759.1966094317145,
        644.519001131135,
        990.199791010244,
        758.7558826116302
    ],
    "0000035.jpg": [
        754.8977410653056,
        645.563913271091,
        990.6254277380426,
        762.2999973667559
    ],
    "0000036.jpg": [
        749.9885033529318,
        644.9355804935514,
        990.414366583168,
        764.1223018818371
    ],
    "0000037.jpg": [
        745.2213921354345,
        641.1594992018726,
        990.3172331960849,
        762.6851132800047
    ],
    "0000038.jpg": [
        740.9597174188095,
        634.916794472078,
        991.0175098031019,
        758.9980157624497
    ],
    "0000039.jpg": [
        736.3496078041721,
        630.4100896247172,
        991.5794098303069,
        757.1795238054161
    ],
    "0000040.jpg": [
        731.6793970877596,
        628.7010030386433,
        992.0755559248634,
        758.0686221967251
    ],
    "0000041.jpg": [
        726.1636325999577,
        629.3010324403128,
        991.8420196988025,
        761.2901220870835
    ],
    "0000042.jpg": [
        721.2964449218778,
        629.7127866044802,
        992.4040331724284,
        764.6081378368214
    ],
    "0000043.jpg": [
        716.050005186,
        628.1385742766535,
        992.9585246761737,
        766.0811959378228
    ],
    "0000044.jpg": [
        710.32731100276,
        627.4533257717011,
        993.3509546016708,
        768.5615694682067
    ],
    "0000045.jpg": [
        704.5957872333345,
        629.126769658299,
        993.9886860515153,
        773.5350267188553
    ],
    "0000046.jpg": [
        698.3085043110607,
        630.196378624613,
        994.2484481347368,
        778.0443380578496
    ],
    "0000047.jpg": [
        691.7434877265086,
        628.6308343412778,
        994.4453180447556,
        780.0535084221956
    ],
    "0000048.jpg": [
        684.7993718919236,
        626.2218359860058,
        994.6316907444344,
        781.3586975558167
    ],
    "0000049.jpg": [
        678.1866930629616,
        624.6589274788703,
        995.4512048302329,
        783.648737085138
    ],
    "0000050.jpg": [
        671.5376604056487,
        625.3007239780557,
        996.570863678153,
        788.2895370230983
    ],
    "0000051.jpg": [
        664.4278828898125,
        626.9327616005278,
        997.3641153181563,
        794.0790647602669
    ],
    "0000052.jpg": [
        657.1696413757678,
        628.0729965111699,
        998.1467065685789,
        799.5315856310993
    ],
    "0000053.jpg": [
        651.2001163173704,
        628.2997284663576,
        1000.41780271338,
        804.2183442496774
    ],
    "0000054.jpg": [
        646.3450379121018,
        628.3961304853552,
        1004.0248903663855,
        808.9240076442677
    ],
    "0000055.jpg": [
        642.3545267567092,
        627.9678349690384,
        1008.9474996734632,
        813.25745078213
    ],
    "0000056.jpg": [
        640.7464364008149,
        627.9090514729139,
        1016.4932545595401,
        818.1050366958866
    ],
    "0000057.jpg": [
        641.6456008497896,
        627.8479308591053,
        1026.5548124592738,
        823.1092404870498
    ],
    "0000058.jpg": [
        647.6339305925169,
        625.7595724612555,
        1041.6194344449052,
        826.2386565095879
    ],