{
    "000000.jpg": [
        662.7400817722734,
        594.0144714610012,
        219.3669724319075,
        1006.5984507459156
    ],
    "000001.jpg": [
        719.3169974929283,
        594.5744367267349,
        285.08717914508867,
        1028.844122260853
    ],
    "000002.jpg": [
        779.5375278854704,
        594.0148302316425,
        357.99811781136077,
        1052.251153583343
    ],
    "000003.jpg": [
        845.1915999253131,
        590.6665630457384,
        440.65831316037276,
        1075.1657045808179
    ],
    "000004.jpg": [
        917.3922485584177,
        585.5204221954098,
        535.4067940793793,
        1099.0959073467363
    ],
    "000005.jpg": [
        996.5071933964205,
        579.2484158820097,
        644.7540305525918,
        1125.9094902989223
    ],
    "000006.jpg": [
        1083.8174644242806,
        576.1195448626363,
        772.3469795262429,
        1160.7495637411441
    ],
    "000007.jpg": [
        1179.5115414000304,
        574.2502640136296,
        921.2618408067557,
        1202.7732242274394
    ],
    "000008.jpg": [
        1285.4600721087484,
        573.006454772625,
        1097.2522105758553,
        1252.6916772445259
    ]
}