{
    "000000.jpg": [
        6.731716914475447,
        563.5735187266589,
        881.3084154221481,
        1006.5984507459152
    ],
    "000001.jpg": [
        53.084801844185094,
        561.6722037692091,
        952.8216043394863,
        1028.844122260853
    ],
    "000002.jpg": [
        103.67598270871015,
        558.2692064176046,
        1029.5364114509673,
        1052.2511535833426
    ],
    "000003.jpg": [
        160.7611691763797,
        551.2974160217277,
        1113.2039687453798,
        1075.1657045808176
    ],
    "000004.jpg": [
        225.94199554808458,
        541.6338264802422,
        1205.249029296459,
        1099.0959073467357
    ],
    "000005.jpg": [
        299.9349032905079,
        530.2404686230957,
        1306.936573143898,
        1125.909490298922
    ],
    "000006.jpg": [
        385.11325848881916,
        521.3015313764968,
        1420.1344898654834,
        1160.7495637411446
    ],
    "000007.jpg": [
        482.4656213910254,
        512.5689560521566,
        1545.4640740081707,
        1202.7732242274394
    ],
    "000008.jpg": [
        595.2913506624153,
        503.00571685542894,
        1685.2510803480666,
        1252.6916772445259
    ]
}