{
    "000000.jpg": [
        778.9090470359505,
        666.1238584483673,
        888.8709065329101,
        722.8878848541168
    ],
    "000001.jpg": [
        777.0838304677923,
        670.2106972398163,
        888.4785671488088,
        727.6615774899648
    ],
    "000002.jpg": [
        774.9243875439994,
        671.5459785368431,
        887.8089320152042,
        729.7412304317024
    ],
    "000003.jpg": [
        773.1791198479542,
        669.1712325795929,
        887.6680770595714,
        728.2946190997956
    ],
    "000004.jpg": [
        770.9879651872349,
        668.4102868071179,
        887.1334106464179,
        728.5160528711486
    ],
    "000005.jpg": [
        768.0202774444567,
        673.2604966480883,
        885.8800930452064,
        734.4117278515838
    ],
    "000006.jpg": [
        765.0996772152658,
        676.4396368438879,
        884.5733907261191,
        738.371274886937
    ],
    "000007.jpg": [
        762.0482668145605,
        673.1825571255823,
        883.1136736047476,
        735.7805216106328
    ],
    "000008.jpg": [
        759.2425488616393,
        664.6823061676856,
        881.9484643539902,
        727.9742802692916
    ],
    "000009.jpg": [
        756.3940765996322,
        660.5771259738035,
        880.8507741611863,
        724.7308887882942
    ],
    "0000010.jpg": [
        753.6101059051337,
        664.8586021259762,
        879.8984837231145,
        729.9946200122217
    ],
    "0000011.jpg": [
        750.9051907348157,
        672.3280477185128,
        878.9908372399176,
        738.3209760041316
    ],
    "0000012.jpg": [
        748.0946175288303,
        674.3987401974474,
        877.9415077336906,
        741.0968544532014
    ],
    "0000013.jpg": [
        745.8507982926079,
        667.8967245226063,
        877.5504632691724,
        735.401072325723
    ],
    "0000014.jpg": [
        743.153110453859,
        659.8812312657968,
        876.9103047260193,
        728.5219123017075
    ],
    "0000015.jpg": [
        740.1777036913054,
        658.4066893425232,
        876.116443066539,
        728.3662993613564
    ],
    "0000016.jpg": [
        737.219221183143,
        664.8768509243104,
        875.2850327252772,
        735.9823599067336
    ],
    "0000017.jpg": [
        734.2652249685939,
        672.36916269448,
        874.4513848818546,
        744.5187846163849
    ],
    "0000018.jpg": [
        731.2587581976076,
        673.3134342010018,
        873.6416696897907,
        746.5553275692704
    ],
    "0000019.jpg": [
        728.2255339886423,
        667.2854514774962,
        872.9024742657307,
        741.7060893787977
    ],
    "0000020.jpg": [
        724.8370925220607,
        662.8815472924689,
        871.9751884052448,
        738.7196597151121
    ],
    "0000021.jpg": [
        721.7566731347185,
        665.1671110199244,
        871.3290447981457,
        742.2744098835333
    ],
    "0000022.jpg": [
        718.9081129328221,
        672.7430577561545,
        870.8057482954669,
        750.8018382885142
    ],
    "0000023.jpg": [
        715.9100603639197,
        678.4156381014691,
        870.2039431204716,
        757.4488553158171
    ],
    "0000024.jpg": [
        712.7903083897985,
        676.7859211845374,
        869.6301353532718,
        757.0096818261701
    ],
    "0000025.jpg": [
        709.6691893596396,
        671.771024962915,
        869.2196886763167,
        753.355833772838
    ],
    "0000026.jpg": [
        706.1969867948645,
        665.9147250558065,
        868.5453139720129,
        748.8959194391037
    ],
    "0000027.jpg": [
        702.964097694412,
        663.9174011297993,
        868.133221521229,
        748.2731029257039
    ],
    "0000028.jpg": [
        699.5378376193958,
        665.5734379192204,
        867.7229481458071,
        751.4710657770133
    ],
    "0000029.jpg": [
        696.377703335708,
        667.4934519430445,
        867.7178908294698,
        755.0337662506407
    ],
    "0000030.jpg": [
        692.4712189917136,
        669.8623993134255,
        867.0840366954351,
        759.110152635276
    ],
    "0000031.jpg": [
        688.4961478640545,
        670.3711519336739,
        866.3906126461699,
        761.2669908134683
    ],
    "0000032.jpg": [
        684.4220943798155,
        668.998567391038,
        865.6333510828244,
        761.5030088654453
    ],
    "0000033.jpg": [
        680.5515027544191,
        665.2141433522913,
        865.2224343488324,
        759.4041711676261
    ],
    "0000034.jpg": [
        675.2937276524722,
        662.7837335973875,
        863.7163533140067,
        758.8868510592143
    ],
    "0000035.jpg": [
        669.4099189250549,
        663.605737393042,
        861.7773085063525,
        761.7593071391918
    ],
    "0000036.jpg": [
        663.3284886820645,
        667.1283775656756,
        859.6246906448888,
        767.2387685115699
    ],
    "0000037.jpg": [
        657.0050948731612,
        671.5997744266292,
        857.2436143640323,
        773.5997096514004
    ],
    "0000038.jpg": [
        650.289227755219,
        673.5503932929638,
        854.9135851495914,
        777.8269090400214
    ],
    "0000039.jpg": [
        643.9666088940204,
        675.2646720009808,
        853.3358740680103,
        782.1262774709126
    ],
    "0000040.jpg": [
        636.7449996764526,
        676.8644768121376,
        851.0919629866287,
        786.4569066875624
    ],
    "0000041.jpg": [
        628.7187624854722,
        676.7807666194661,
        848.0866105503892,
        789.0122315979414
    ],
    "0000042.jpg": [
        620.6523826807964,
        673.539070601082,
        845.0756734494342,
        788.3024152019282
    ],
    "0000043.jpg": [
        612.9729729600721,
        667.8722206812156,
        842.7826248963925,
        785.3914836212986
    ],
    "0000044.jpg": [
        604.7882479112135,
        663.967542921511,
        840.2440463580325,
        784.3911656271579
    ],
    "0000045.jpg": [
        596.341170377015,
        662.8496161209536,
        837.5061658674181,
        786.0988443112941
    ],
    "0000046.jpg": [
        586.8070350129353,
        664.0492806329826,
        833.8731640023743,
        790.1685200741421
    ],
    "0000047.jpg": [
        577.737648042341,
        665.0752648707836,
        830.9156620110368,
        794.1560046589129
    ],
    "0000048.jpg": [
        568.12894597838,
        664.1660046728517,
        827.8621957982746,
        796.5118206289088
    ],
    "0000049.jpg": [
        557.80300561687,
        664.1912277460809,
        824.4908007753494,
        800.068091816321
    ],
    "0000050.jpg": [
        547.2361132844077,
        666.600908902262,
        821.2161848680465,
        806.1991910293904
    ],
    "0000051.jpg": [
        535.8239767449777,
        668.4278004556475,
        817.3953421653586,
        811.8546453297239
    ],
    "0000052.jpg": [
        523.8453448086353,
        667.6418730044923,
        813.3520087691285,
        815.0258598478981
    ],
    "0000053.jpg": [
        511.2041296286666,
        666.0617741088914,
        809.1446001833895,
        817.6990539706128
    ],
    "0000054.jpg": [
        498.64387152628524,
        665.3661137264697,
        805.4306859976159,
        821.516783366245
    ],
    "0000055.jpg": [
        485.71656781348975,
        666.92030630197,
        801.8261119918313,
        827.8997450531875
    ],
    "0000056.jpg": [
        471.9796841533093,
        669.4715295109409,
        797.7142660907591,
        835.3631768826929
    ],
    "0000057.jpg": [
        457.738823869209,
        671.538584022859,
        793.41469840371,
        842.4147102028761
    ],
    "0000058.jpg": [
        444.4677672502862,
        672.7168129103322,
        790.4329943126718,
        848.737362536074
    ],