{
    "000000.jpg": [
        353.9097997519854,
        663.8781164933158,
        367.42250947455295,
        696.3495733670213
    ],
    "000001.jpg": [
        374.9181303019419,
        664.0885839119243,
        388.1780388392877,
        696.6743627904623
    ],
    "000002.jpg": [
        399.105961982772,
        659.1831491189374,
        412.0127593728723,
        691.8321276343707
    ],
    "000003.jpg": [
        427.10836809853043,
        655.4066797512143,
        439.67407232808455,
        688.1268142602946
    ],
    "000004.jpg": [
        461.2871008633593,
        652.7832095686662,
        473.58279783439997,
        685.5848440563514
    ],
    "000005.jpg": [
        499.44295408669393,
        655.9503649812659,
        511.49983326652773,
        688.8456135680079
    ],
    "000006.jpg": [
        539.5904167022459,
        662.0980298886747,
        551.3961880212099,
        695.0973793907134
    ],
    "000007.jpg": [
        583.0985098119023,
        667.3762188562054,
        594.6628302427158,
        700.4819925827752
    ],
    "000008.jpg": [
        631.742629694782,
        669.7499730097902,
        643.0650198046449,
        702.9591620863123
    ],
    "000009.jpg": [
        683.484390281995,
        668.877281451894,
        694.5429363189879,
        702.190474352795
    ],
    "0000010.jpg": [
        738.5511301631117,
        667.1213414344437,
        749.3656902238358,
        700.5598327778433
    ],
    "0000011.jpg": [
        795.8810361963577,
        666.73767394007,
        806.5050544250829,
        700.3392878430898
    ],
    "0000012.jpg": [
        854.590489696752,
        667.4826724108738,
        865.0840794834531,
        701.291393332462
    ],
    "0000013.jpg": [
        914.8305037491523,
        668.837269830176,
        925.2317223987429,
        702.8904922812276
    ],
    "0000014.jpg": [
        977.5310220480113,
        667.3412260253457,
        987.8309265713193,
        701.6641831485409
    ],
    "0000015.jpg": [
        1042.2501704389385,
        663.7724677972145,
        1052.4424034500107,
        698.3975643151919
    ],
    "0000016.jpg": [
        1108.6574002999685,
        660.0929449468221,
        1118.7751654687474,
        695.0687139381112
    ],
    "0000017.jpg": [
        1176.2366384773527,
        655.1019181752689,
        1186.3273586363389,
        690.4849375328008
    ],
    "0000018.jpg": [
        1244.7544716870907,
        651.0902919301694,
        1254.9042595051894,
        686.9472530300976
    ],
    "0000019.jpg": [
        1315.0536667679623,
        644.7716437108932,
        1325.2648946244526,
        681.1544669249648
    ],
    "0000020.jpg": [
        1386.54031548245,
        640.2076277594311,
        1396.8661566425135,
        677.1802012611859
    ],
    "0000021.jpg": [
        1459.829971453412,
        637.4608218477696,
        1470.2625745534526,
        675.0756670355187
    ],
    "0000022.jpg": [
        1535.1832573666538,
        637.013666997,
        1545.760376123474,
        675.3381265041586
    ],
    "0000023.jpg": [
        1613.6778099515932,
        636.5639186900404,
        1624.4766013020687,
        675.6872730115402
    ],
    "0000024.jpg": [
        1695.185082868355,
        634.7740353321868,
        1706.2194088348085,
        674.7797323889889
    ],
    "0000025.jpg": [
        41.659699474678014,
        641.2679291257821,
        52.98441255583341,
        682.8339483609682
    ],
    "0000026.jpg": [
        1779.2117723621343,
        633.4845058318995,
        1790.5688588580235,
        674.4716238055465
    ],
    "0000027.jpg": [
        128.08544967255986,
        642.343385226406,
        139.1508614664298,
        683.7996476856478
    ],
    "0000028.jpg": [
        1864.9555562198138,
        633.7174337207202,
        1876.7145552026452,
        675.781879291351
    ],
    "0000029.jpg": [
        212.86405492556815,
        642.8120872892713,
        223.72161955150355,
        684.2264924259673
    ],
    "0000030.jpg": [
        295.4631371268417,
        641.4849827094072,
        306.16160818984787,
        682.9268703212198
    ],
    "0000031.jpg": [
        376.167683044547,
        638.4684651780118,
        386.71880278074065,
        680.0017909908763
    ],
    "0000032.jpg": [
        455.6279031779759,
        635.6520026912401,
        466.09387403375126,
        677.3514172287246
    ],
    "0000033.jpg": [
        534.5998947197464,
        632.8860158620165,
        545.0251213771548,
        674.8215503487633
    ],
    "0000034.jpg": [
        612.0498096745001,
        629.2091764098581,
        622.4605958570229,
        671.451728873052
    ],
    "0000035.jpg": [
        686.5400173213123,
        624.4975181706072,
        697.0321137266205,
        667.1375278713475
    ],
    "0000036.jpg": [
        760.0407364642779,
        618.3541479495142,
        770.6395523611545,
        661.4651892309859
    ],
    "0000037.jpg": [
        832.4617712466348,
        613.5331983511752,
        843.2207278055514,
        657.1933353435343
    ],
    "0000038.jpg": [
        903.77178344463,
        611.530058217682,
        914.6872539625832,
        655.8041689922231
    ],
    "0000039.jpg": [
        972.4485712499494,
        610.6454668180011,
        983.5155696037338,
        655.5990071876353
    ],
    "0000040.jpg": [
        1039.0020991036406,
        608.078146818293,
        1050.357628143439,
        653.8084385654695
    ],
    "0000041.jpg": [
        1105.366733792086,
        603.9317354361445,
        1117.0191811831055,
        650.511108847332
    ],
    "0000042.jpg": [
        1168.454157981147,
        599.931087652678,
        1180.4497235287167,
        647.4342735791712
    ],
    "0000043.jpg": [
        1227.3225149237273,
        597.1631929588639,
        1239.7797986208452,
        645.672965730786
    ],
    "0000044.jpg": [
        1284.428613911402,
        593.636429114483,
        1297.387671662163,
        643.2260655445538
    ],
    "0000045.jpg": [
        1340.1461942345682,
        589.6815930139464,
        1353.7464283815636,
        640.4440165923588
    ],
    "0000046.jpg": [
        1393.096154848505,
        588.2074477054695,
        1407.3099361125353,
        640.1887091477886
    ],
    "0000047.jpg": [
        1441.8878967362123,
        586.6126681575834,
        1456.6145580765321,
        639.8344397823356
    ],
    "0000048.jpg": [
        1487.4439994703166,
        581.5522575073923,
        1502.8189520161081,
        636.1058830662414
    ],
    "0000049.jpg": [
        1530.24565116297,
        575.5724222878357,
        1546.437769516391,
        631.554392918602
    ],
    "0000050.jpg": [
        1567.5491381264394,
        570.8348601138606,
        1584.7131235704596,
        628.3096554618701
    ],
    "0000051.jpg": [
        1597.5987534053477,
        571.0863751174212,
        1615.6712762033799,
        630.0317502925295
    ],
    "0000052.jpg": [
        1623.1461735110706,
        574.6881222694989,
        1642.0915924236408,
        635.1079016320671
    ],
    "0000053.jpg": [
        1647.4705387037843,
        577.0259586746333,
        1667.3298901498742,
        638.983131969458
    ],
    "0000054.jpg": [
        1671.2481713282123,
        573.5677585628538,
        1692.1214609877998,
        637.1749672499539
    ],
    "0000055.jpg": [
        1690.8801541872313,
        568.6074253859111,
        1712.8960642697377,
        633.9430258338708
    ],
    "0000056.jpg": [
        1709.0773252901645,
        567.48903578124,
        1732.3117933286476,
        634.6152757246945
    ],
    "0000057.jpg": [
        1729.2314653828114,
        569.6258415844432,
        1753.900215255048,
        638.6714439251508
    ],
    "0000058.jpg": [
        4.27633952969017,
        565.6948452562102,
        29.19135319257105,
        635.6186527196512
    ],