{
    "000000.jpg": [
        357.0399981790475,
        664.583579018577,
        364.26294756673803,
        696.0191905461892
    ],
    "000001.jpg": [
        378.0598426615768,
        664.8055292141494,
        385.00573095022514,
        696.3400830193495
    ],
    "000002.jpg": [
        402.2571008326334,
        659.8776086984725,
        408.8297730561046,
        691.5291873750884
    ],
    "000003.jpg": [
        430.26670263354066,
        656.0914071001159,
        436.4826315887264,
        687.8480023041608
    ],
    "000004.jpg": [
        464.449147567289,
        653.4744386625081,
        470.3864381567876,
        685.3061596702397
    ],
    "000005.jpg": [
        502.6073405217647,
        656.6564273754708,
        508.29982433503915,
        688.5540639794574
    ],
    "000006.jpg": [
        542.7577248461806,
        662.8215349312686,
        548.1918481877558,
        694.7968127942148
    ],
    "000007.jpg": [
        586.2688050537001,
        668.1145157576249,
        591.4541000063475,
        700.1752583962838
    ],
    "000008.jpg": [
        634.9160288611363,
        670.4961571391367,
        639.8518020072455,
        702.6535302036422
    ],
    "000009.jpg": [
        686.6630130346872,
        669.6203254361479,
        691.3231165018179,
        701.8973349192385
    ],
    "0000010.jpg": [
        741.7378121275194,
        667.8619643488711,
        746.1364102370443,
        700.2789421144789
    ],
    "0000011.jpg": [
        799.0796199507902,
        667.4846196641917,
        803.2624135521697,
        700.0623943575451
    ],
    "0000012.jpg": [
        857.8057582148537,
        668.2454114116701,
        861.823223325668,
        701.0095866670343
    ],
    "0000013.jpg": [
        918.067665649505,
        669.6190533408499,
        921.9473480373126,
        702.6011169806163
    ],
    "0000014.jpg": [
        980.7960414890609,
        668.134474008629,
        984.517008326904,
        701.3755567601758
    ],
    "0000015.jpg": [
        1045.5498521211787,
        664.5718339470618,
        1049.0920527306907,
        698.1158416372541
    ],
    "0000016.jpg": [
        1111.9992367805937,
        660.9014938087877,
        1115.380757869383,
        694.7917401914766
    ],
    "0000017.jpg": [
        1179.6288027759908,
        655.9262425982758,
        1182.8806011483878,
        690.2071456683517
    ],
    "0000018.jpg": [
        1248.2054685676123,
        651.942255430262,
        1251.3964464248552,
        686.6578622463722
    ],
    "0000019.jpg": [
        1318.5733097292994,
        645.6497023455772,
        1321.6860513232489,
        680.856274019302
    ],
    "0000020.jpg": [
        1390.138637751144,
        641.1175642764713,
        1393.2059628395548,
        676.8686824587826
    ],
    "0000021.jpg": [
        1463.518323123509,
        638.3971852030339,
        1466.5093656710287,
        674.7576489818708
    ],
    "0000022.jpg": [
        1538.9742691416286,
        637.9765768012746,
        1541.9011349155928,
        675.0151128232144
    ],
    "0000023.jpg": [
        1617.5866741359825,
        637.5599862251636,
        1620.4957031554852,
        675.3547562502039
    ],
    "0000024.jpg": [
        1699.2288430877659,
        635.802377616175,
        1702.0994030676309,
        674.4408594781175
    ],
    "0000025.jpg": [
        46.00399409248226,
        642.312319412925,
        48.576949748545694,
        682.4344357169416
    ],
    "0000026.jpg": [
        1783.4082820555707,
        634.5531538942356,
        1786.2913289651901,
        674.1207613735671
    ],
    "0000027.jpg": [
        132.35473925912285,
        643.4035315154174,
        134.8175060973413,
        683.3955036325614
    ],
    "0000028.jpg": [
        1869.3232919650468,
        634.8315757411403,
        1872.2603787199164,
        675.4163204601568
    ],
    "0000029.jpg": [
        217.0720192161058,
        643.8891182951784,
        219.4485786281533,
        683.8176371639139
    ],
    "0000030.jpg": [
        299.6237618943156,
        642.5788191826502,
        301.93479900507185,
        682.514568816312
    ],
    "0000031.jpg": [
        380.2944281935442,
        639.5755255482201,
        382.52460104278396,
        679.5909134713495
    ],
    "0000032.jpg": [
        459.7331713579415,
        636.7772289026937,
        461.9197077418303,
        676.9384646414765
    ],
    "0000033.jpg": [
        538.6955100671521,
        634.0321082411277,
        540.8589576496257,
        674.4053778380556
    ],
    "0000034.jpg": [
        616.1484089669207,
        630.3766987033061,
        618.2895841628207,
        671.0334409789263
    ],
    "0000035.jpg": [
        690.6547758390575,
        625.6960045666973,
        692.8429091329032,
        666.7095611543582
    ],
    "0000036.jpg": [
        764.1836070885405,
        619.586335405832,
        766.4199632132932,
        661.026819189115
    ],
    "0000037.jpg": [
        836.6444999916318,
        614.804401013797,
        838.9586683937421,
        656.7413661962061
    ],
    "0000038.jpg": [
        908.0061091008286,
        612.8375263112123,
        910.3705362856256,
        655.3434592022294
    ],
    "0000039.jpg": [
        976.7463110667389,
        611.9861447246125,
        979.1319990434283,
        655.1348640129204
    ],
    "0000040.jpg": [
        1043.37470539982,
        609.4683046223055,
        1045.8954877714652,
        653.3274177367229
    ],
    "0000041.jpg": [
        1109.8262519990371,
        605.3695450152601,
        1112.466074280339,
        650.0180324292356
    ],
    "0000042.jpg": [
        1173.0112599065264,
        601.4216686344536,
        1175.7946019199564,
        646.9268582367278
    ],
    "0000043.jpg": [
        1231.9862871581756,
        598.7217289541109,
        1235.0131405441732,
        645.1389086621721
    ],
    "0000044.jpg": [
        1289.209339097421,
        595.2665245577724,
        1292.498772772977,
        642.6651733170602
    ],
    "0000045.jpg": [
        1345.053798000856,
        591.4011970810939,
        1348.7248469832277,
        639.8420565534082
    ],
    "0000046.jpg": [
        1398.1392275165633,
        590.0094264266138,
        1402.14651932351,
        639.556110027027
    ],
    "0000047.jpg": [
        1447.0732955475517,
        588.4759317238252,
        1451.3021597714583,
        639.1955770676919
    ],
    "0000048.jpg": [
        1492.7788864457773,
        583.4992981632811,
        1497.35007440516,
        635.4426020995037
    ],
    "0000049.jpg": [
        1535.7366329404372,
        577.6334182002752,
        1540.8052470346665,
        630.8409349991962
    ],
    "0000050.jpg": [
        1573.1979989029242,
        573.0330807536249,
        1578.9146331034856,
        627.5264213165037
    ],
    "0000051.jpg": [
        1603.4024431777284,
        573.4028483917094,
        1609.7094984182054,
        629.1999803600246
    ],
    "0000052.jpg": [
        1629.1050466863262,
        577.1062150046474,
        1635.9657106294842,
        634.2476421511885
    ],
    "0000053.jpg": [
        1653.5906653690315,
        579.5461425907132,
        1661.0333324115397,
        638.099412987344
    ],
    "0000054.jpg": [
        1677.5379746565704,
        576.213778417038,
        1685.6454367715974,
        636.2511946224561
    ],
    "0000055.jpg": [
        1697.3404969014134,
        571.4059628133102,
        1706.2393012323419,
        632.9581277029848
    ],
    "0000056.jpg": [
        1715.7130346511894,
        570.443323575619,
        1725.4684764237566,
        633.5723068216123
    ],
    "0000057.jpg": [
        1736.0545343864012,
        572.7597179314313,
        1746.8567670672142,
        637.55536054232
    ],
    "0000058.jpg": [
        11.421110607176605,
        568.3529987943167,
        21.90402834758689,
        634.6894233627179
    ],