{
    "000000.jpg": [
        1648.924398115409,
        703.6251123711722,
        1668.546678202881,
        718.2994086754697
    ],
    "000001.jpg": [
        1666.3046327642485,
        705.9928026227495,
        1686.5406684894876,
        721.0482616717877
    ],
    "000002.jpg": [
        1685.2503550313943,
        706.4294783774692,
        1706.1687572215355,
        721.8894619552578
    ],
    "000003.jpg": [
        1704.4255229663263,
        706.4566960163544,
        1726.0655675564383,
        722.3437771900609
    ],
    "000004.jpg": [
        1724.0255971427077,
        706.3655593724902,
        1746.3942465474797,
        722.7076917047727
    ],
    "000005.jpg": [
        1744.944783855297,
        704.7104219993746,
        1768.0517728551065,
        721.4960886294065
    ],
    "000006.jpg": [
        20.85296508156806,
        701.6420250103654,
        44.47343813586195,
        718.9282632479446
    ],
    "000007.jpg": [
        1767.8299593437487,
        699.5683018789978,
        1791.7404583492219,
        716.8436261517107
    ],
    "000008.jpg": [
        44.06146376500816,
        696.195966065713,
        68.12197114459389,
        713.8134452818775
    ],
    "000009.jpg": [
        1791.7333656143076,
        695.9107828941984,
        1816.507335195991,
        713.7116152380153
    ],
    "0000010.jpg": [
        68.47529994059369,
        692.5774905087101,
        92.99302571480828,
        710.5531090131576
    ],
    "0000011.jpg": [
        1817.026045096036,
        696.676386210382,
        1842.7021024985559,
        715.0111124781259
    ],
    "0000012.jpg": [
        93.2836478354612,
        693.7142721627246,
        118.25919018963975,
        712.0625355683131
    ],
    "0000013.jpg": [
        1842.8723952804273,
        700.5379742252628,
        1869.5006111169598,
        719.4433714536275
    ],
    "0000014.jpg": [
        118.75751149229507,
        697.696632668591,
        144.20568543778282,
        716.4411073145668
    ],
    "0000015.jpg": [
        1871.2144299992221,
        704.7543518990527,
        1898.8641222160845,
        724.2665215119086
    ],
    "0000016.jpg": [
        145.85165605015396,
        700.9424026389075,
        171.7770411218859,
        720.0858285604446
    ],
    "0000017.jpg": [
        173.6470243838908,
        701.7563660148527,
        200.0892414903883,
        721.3291998353767
    ],
    "0000018.jpg": [
        202.72603995141995,
        702.6310021847916,
        229.7177340436884,
        722.6707629939602
    ],
    "0000019.jpg": [
        232.7383390577113,
        705.7042274453884,
        260.30828040183525,
        726.2494560005156
    ],
    "0000020.jpg": [
        263.9210670849608,
        708.6417544606315,
        292.0751908039208,
        729.6939140375036
    ],
    "0000021.jpg": [
        296.3182930003786,
        709.6521078617207,
        325.0646837598662,
        731.2083561019906
    ],
    "0000022.jpg": [
        330.18480657158995,
        708.818356995286,
        359.5515515920579,
        730.903920775663
    ],
    "0000023.jpg": [
        365.74361406853086,
        708.7866957215589,
        395.76052588754203,
        731.4413747459619
    ],
    "0000024.jpg": [
        402.823727965307,
        710.2922855079343,
        433.5266693146425,
        733.5663501339247
    ],
    "0000025.jpg": [
        440.9397245692537,
        713.6826449186824,
        472.3368410456588,
        737.5885031836505
    ],
    "0000026.jpg": [
        480.7610154056993,
        717.4596347733054,
        512.8481594479548,
        741.9929644256142
    ],
    "0000027.jpg": [
        523.3849425502923,
        720.9968150946679,
        556.1689774354953,
        746.1695253279291
    ],
    "0000028.jpg": [
        568.7870728041553,
        724.3946366499041,
        602.2789647326489,
        750.2240775518159
    ],
    "0000029.jpg": [
        617.3463809720495,
        725.8696314499873,
        651.5836359430405,
        752.4009052663376
    ],
    "0000030.jpg": [
        669.5861812421059,
        727.2426827874954,
        704.580118475587,
        754.4944814833723
    ],
    "0000031.jpg": [
        726.6317345896607,
        730.1542093897332,
        762.3759592805635,
        758.125256424126
    ],
    "0000032.jpg": [
        790.5887078131826,
        733.5922916964407,
        827.0463904045342,
        762.2353865346233
    ],
    "0000033.jpg": [
        863.3994081333806,
        737.1189265518464,
        900.5847152155707,
        766.4396643707365
    ],
    "0000034.jpg": [
        944.3240621969021,
        739.21822535037,
        982.3409051179623,
        769.313016147417
    ],
    "0000035.jpg": [
        1034.4156484457972,
        739.8381354503398,
        1073.3581835965772,
        770.7666618134007
    ],
    "0000036.jpg": [
        1132.9457171561805,
        737.9968147827011,
        1173.1710299231456,
        769.7986657991335
    ],
    "0000037.jpg": [
        1238.9907064486258,
        741.6099144439705,
        1280.8687443630681,
        774.2961131456981
    ],
    "0000038.jpg": [
        1352.9346074019768,
        751.8689511452243,
        1396.6887408028415,
        785.4678847630355
    ],
    "0000039.jpg": [
        1477.065557724542,
        759.7576041667096,
        1523.0249481599863,
        794.3675409423328
    ],
    "0000040.jpg": [
        1614.966642230387,
        762.8836821338332,
        1663.5742096374354,
        798.6508095880303
    ],
    "0000041.jpg": [
        1764.5919565327167,
        761.9020936199518,
        1816.436146729386,
        799.0877769909149
    ],
    "0000042.jpg": [
        64.7360058466086,
        343.0680371103917,
        117.48316528876074,
        382.71678255508573
    ],
    "0000043.jpg": [
        223.8490799321499,
        336.06592502296326,
        274.59137676574437,
        375.1258222854335
    ],
    "0000044.jpg": [
        381.5187407118636,
        329.9647717040515,
        430.4997352070523,
        368.4843087404814
    ],
    "0000045.jpg": [
        539.0137653488707,
        327.64690127885734,
        586.4582866355173,
        365.67232966669985
    ],
    "0000046.jpg": [
        695.2836144612014,
        328.97385036633733,
        741.4803039040906,
        366.5924349660264
    ],
    "0000047.jpg": [
        850.4793654579521,
        328.5686472105993,
        895.72185951606,
        365.8513296366252
    ],
    "0000048.jpg": [
        1005.271919850264,
        327.3012835534577,
        1049.8537472548512,
        364.3288744390902
    ],
    "0000049.jpg": [
        1159.4241692710536,
        323.1409609313494,
        1203.6367602907947,
        360.0040335270648
    ],
    "0000050.jpg": [
        1315.2837378240008,
        320.2958259524446,
        1359.4219759897105,
        357.09337603602256
    ],
    "0000051.jpg": [
        1473.170547990632,
        321.8823371846026,
        1517.5553275142192,
        358.7166151716746
    ],
    "0000052.jpg": [
        1634.4497486427315,
        325.1007362128596,
        1679.423114964926,
        362.08123135524175
    ],
    "0000053.jpg": [
        1799.6169003746786,
        329.66088532752985,
        1845.5243185941295,
        366.88373483820106
    ]
}