{
    "000000.jpg": [
        412.57052457486196,
        669.832967632271,
        597.7940952570847,
        734.6138691507072
    ],
    "000001.jpg": [
        406.3317576629994,
        678.5949275607513,
        594.2263344481703,
        744.4446713258402
    ],
    "000002.jpg": [
        400.34859241499106,
        681.7958763942469,
        590.9046684641972,
        748.4270672532804
    ],
    "000003.jpg": [
        392.6845045382396,
        678.3245806541486,
        586.1645354364903,
        746.0094200786867
    ],
    "000004.jpg": [
        385.71790463211187,
        671.790942220366,
        582.2716186437418,
        740.7607338910032
    ],
    "000005.jpg": [
        379.8349385215009,
        668.0709702995396,
        579.5077222762942,
        738.3930500498793
    ],
    "000006.jpg": [
        373.42861226087933,
        669.2015376194774,
        576.2855483492051,
        740.8708170078522
    ],
    "000007.jpg": [
        365.8033272786344,
        669.4779901840661,
        571.8691005559124,
        742.19278604462
    ],
    "000008.jpg": [
        357.51196023494236,
        665.7157086476174,
        566.849923230113,
        739.2811375281951
    ],
    "000009.jpg": [
        349.3914867494664,
        663.4194783218867,
        562.1551640409571,
        738.1193349627641
    ],
    "0000010.jpg": [
        340.88908986896314,
        664.2436026871254,
        557.1845249107961,
        740.188529796576
    ],
    "0000011.jpg": [
        331.84293000116395,
        668.1163801062789,
        551.7001492619954,
        745.1532420233312
    ],
    "0000012.jpg": [
        322.2239837271723,
        669.3753354364576,
        545.8092472091116,
        747.6137554144027
    ],
    "0000013.jpg": [
        313.18726282133656,
        667.5243577447266,
        540.716185787648,
        747.3141470308512
    ],
    "0000014.jpg": [
        303.4779202924931,
        667.401562579562,
        535.092708083413,
        748.8536456722425
    ],
    "0000015.jpg": [
        292.7255602258816,
        673.0194821901518,
        528.5682790590262,
        756.2619276124583
    ],
    "0000016.jpg": [
        281.7869292900893,
        676.065767732382,
        521.814708167188,
        760.5963399574719
    ],
    "0000017.jpg": [
        270.0627958956498,
        672.2785735582092,
        514.3871888756795,
        757.8817262611501
    ],
    "0000018.jpg": [
        258.3332042157458,
        663.281026960126,
        507.1326029456732,
        750.0185491690962
    ],
    "0000019.jpg": [
        246.28211098424512,
        659.1361948026365,
        499.75657834236466,
        747.336769535289
    ],
    "0000020.jpg": [
        234.04475796616126,
        663.682228260631,
        492.31861546924057,
        753.5816980770514
    ],
    "0000021.jpg": [
        221.6383781314261,
        670.9378086413077,
        484.7255559175556,
        762.290696742042
    ],
    "0000022.jpg": [
        208.78351780008944,
        672.2493620343483,
        476.79299281953456,
        764.7625523744136
    ],
    "0000023.jpg": [
        196.19910667163217,
        665.2763636585659,
        469.4022135633829,
        759.1497350129424
    ],
    "0000024.jpg": [
        182.73241289187982,
        657.787138516279,
        461.5627216317416,
        753.6793662816597
    ],
    "0000025.jpg": [
        168.60203180304907,
        657.3253013251463,
        453.3018376478457,
        755.6147313343761
    ],
    "0000026.jpg": [
        154.13721586990994,
        664.1386399086452,
        444.68323980030635,
        764.4903164674108
    ],
    "0000027.jpg": [
        139.2830839809575,
        671.5440447893582,
        435.79098103778443,
        773.7550023233783
    ],
    "0000028.jpg": [
        123.89776028254767,
        672.4943947880449,
        426.69061481183576,
        776.6669979246839
    ],
    "0000029.jpg": [
        107.96039956305226,
        666.6899391318311,
        417.4167823520329,
        773.0132519542119
    ],
    "0000030.jpg": [
        91.12365941542576,
        663.190459803496,
        407.652652835785,
        772.1644407258063
    ],
    "0000031.jpg": [
        74.17200012816365,
        665.7418385972071,
        397.80645406676916,
        777.0819835521072
    ],
    "0000032.jpg": [
        56.9751890373353,
        672.3600075704593,
        387.6765997502571,
        785.4312527147048
    ],
    "0000033.jpg": [
        38.95564815633564,
        677.0320705793182,
        377.0711749621681,
        791.8772637732791
    ],
    "0000034.jpg": [
        20.10605599213253,
        674.8217813773227,
        366.1795432167455,
        791.7631204631507
    ],
    "0000035.jpg": [
        0.5681521386983274,
        669.7934507582809,
        355.1118658032248,
        789.2651180660139
    ],
    "0000036.jpg": [
        1449.5735482962598,
        661.6658513825074,
        1905.0922619431321,
        819.4643666875049
    ],
    "0000037.jpg": [
        1420.0071616539665,
        665.0730563718447,
        1882.756207785238,
        826.2548389879584
    ],
    "0000038.jpg": [
        1389.1979533587028,
        669.4663858135399,
        1859.406137824019,
        834.1627780698889
    ],
    "0000039.jpg": [
        1356.583317051809,
        670.6458509309836,
        1834.1331865881082,
        838.959055930425
    ],
    "0000040.jpg": [
        1323.3171135879336,
        667.7633778477289,
        1808.2672528086796,
        839.8324963570889
    ],
    "0000041.jpg": [
        1288.8957101908281,
        662.8079102739022,
        1781.6827954767914,
        838.7812712164975
    ],
    "0000042.jpg": [
        1253.8305318689136,
        659.6877412018847,
        1754.7847380669534,
        839.7582217410315
    ],
    "0000043.jpg": [
        1216.864556689022,
        658.0533509620318,
        1725.765144491451,
        842.3869648425373
    ],
    "0000044.jpg": [
        1178.7436516630162,
        657.6781214291614,
        1695.574322980683,
        846.4760735941919
    ],
    "0000045.jpg": [
        1139.511648871682,
        657.2793321722955,
        1664.430828187084,
        850.7367371275999
    ],
    "0000046.jpg": [
        1098.8696106857378,
        656.0985824748616,
        1632.3270230643957,
        854.4203446179748
    ],
    "0000047.jpg": [
        1056.6662222858754,
        656.2542200030638,
        1598.9917141686753,
        859.6623206785587
    ],
    "0000048.jpg": [
        1012.6519896102162,
        658.5849167615509,
        1563.8929292259052,
        867.3291366012895
    ],
    "0000049.jpg": [
        966.8731167349018,
        660.7072340554159,
        1527.17062256371,
        875.0411400194575
    ],
    "0000050.jpg": [
        919.2046908654922,
        659.9440120359085,
        1488.8097060671696,
        880.1013372044879
    ],
    "0000051.jpg": [
        869.6657670706775,
        659.1781698751862,
        1448.9317209495366,
        885.4295512402864
    ],
    "0000052.jpg": [
        818.7789794246769,
        659.2923722409115,
        1407.886823625828,
        891.9210553064198
    ],
    "0000053.jpg": [
        766.8142886136286,
        662.0259330326071,
        1365.910311031342,
        901.3588299396348
    ],
    "0000054.jpg": [
        712.6009757844099,
        664.577227415175,
        1321.5913613305552,
        910.9116975153094
    ],
    "0000055.jpg": [
        656.6127215030865,
        666.1656605168926,
        1275.4581329724406,
        919.8083896072343
    ],
    "0000056.jpg": [
        600.2786275956465,
        666.3433320943957,
        1229.0731431506667,
        927.6242233286986
    ],
    "0000057.jpg": [
        543.341779998379,
        666.5795864728468,
        1182.0957739384653,
        935.8282004719031
    ],
    "0000058.jpg": [
        485.7023686959405,
        667.8828840947266,
        1134.609476334827,
        945.4742418731456
    ],