{
    "000000.jpg": [
        1352.0485958163229,
        681.7741765305306,
        1420.57560157272,
        736.978687531682
    ],
    "000001.jpg": [
        1358.9968704661424,
        682.5550916161308,
        1429.0045662517562,
        738.8358551366549
    ],
    "000002.jpg": [
        1367.2353430655967,
        684.7500282355977,
        1438.7534067006127,
        742.1078614003598
    ],
    "000003.jpg": [
        1375.5445235194688,
        684.0624425790256,
        1448.645626059386,
        742.5596787622624
    ],
    "000004.jpg": [
        1384.798376893937,
        679.1085497163492,
        1459.6178614223581,
        738.8545732296113
    ],
    "000005.jpg": [
        1394.2133706303414,
        672.5926787757097,
        1470.8568181760843,
        733.6658452956691
    ],
    "000006.jpg": [
        1404.4995986281133,
        670.8124856510094,
        1482.9637847530657,
        733.1692383233125
    ],
    "000007.jpg": [
        1415.2573112569794,
        674.5354578279278,
        1495.7326376820454,
        738.2842315988111
    ],
    "000008.jpg": [
        1426.6903480560136,
        682.6036166935597,
        1509.4037074498085,
        747.8898192014768
    ],
    "000009.jpg": [
        1439.2451613128294,
        686.7437718821725,
        1524.1896092066374,
        753.5546088099622
    ],
    "0000010.jpg": [
        1450.9013685969796,
        682.9682102645052,
        1538.2050297025994,
        751.4378790377006
    ],
    "0000011.jpg": [
        1464.0519370610905,
        674.942234706231,
        1553.919990773263,
        745.2215784440936
    ],
    "0000012.jpg": [
        1479.1800109380865,
        669.4317745814384,
        1571.8347120251449,
        741.6510688753217
    ],
    "0000013.jpg": [
        1494.750083260558,
        668.9367477379157,
        1590.3808813459812,
        743.2018957098234
    ],
    "0000014.jpg": [
        1510.1348235534235,
        669.441728382996,
        1608.7669754623719,
        745.7120181017467
    ],
    "0000015.jpg": [
        1525.9386675774085,
        667.1342951954018,
        1627.6251230133628,
        745.4183597942774
    ],
    "0000016.jpg": [
        1542.8550148572765,
        664.8488577868297,
        1647.8995690879115,
        745.365781035408
    ],
    "0000017.jpg": [
        1560.4059436805837,
        665.2300360634373,
        1669.0695690822956,
        748.1290246736776
    ],
    "0000018.jpg": [
        1578.585930955534,
        669.7797704274524,
        1691.0582251593548,
        755.110705993647
    ],
    "0000019.jpg": [
        1597.4312748895973,
        671.3213901892352,
        1713.9513764018313,
        759.2518639671536
    ],
    "0000020.jpg": [
        1617.7649301100255,
        667.8684698634893,
        1738.7029416235596,
        758.6950366576518
    ],
    "0000021.jpg": [
        1638.7366181425987,
        665.8381435238455,
        1764.423139137503,
        759.754429534167
    ],
    "0000022.jpg": [
        1660.0471940729897,
        669.0829460372178,
        1790.895842226907,
        766.3005665884293
    ],
    "0000023.jpg": [
        1682.9700080041832,
        673.0127592656409,
        1819.1112955533001,
        773.4867417624132
    ],
    "0000024.jpg": [
        1707.4325604193655,
        671.5928602350322,
        1849.0557212252947,
        775.4133296710885
    ],
    "0000025.jpg": [
        1733.9189178527793,
        664.7197687394403,
        1881.3923576137902,
        772.1312419458643
    ],
    "0000026.jpg": [
        9.69504926021687,
        661.2840033941698,
        155.43726473941624,
        769.4373567556573
    ],
    "0000027.jpg": [
        1762.0154504483057,
        660.9189569059834,
        1916.0232309180099,
        772.3164344169612
    ],
    "0000028.jpg": [
        38.66204780582657,
        658.464493770301,
        187.74275137586739,
        769.4399837358371
    ],
    "0000029.jpg": [
        68.99415984830196,
        663.1000733891333,
        221.7565378931719,
        777.2606644110929
    ],
    "0000030.jpg": [
        100.93362559159047,
        671.5302811788052,
        257.440224365741,
        789.0396455350093
    ],
    "0000031.jpg": [
        134.6935664403432,
        674.9655235315862,
        294.85700120529066,
        795.7928101085325
    ],
    "0000032.jpg": [
        171.07825560086422,
        670.0039059669846,
        334.9109216815198,
        794.1521271080516
    ],
    "0000033.jpg": [
        208.73365010969815,
        661.6856761380723,
        376.6852187210321,
        789.4384934699249
    ],
    "0000034.jpg": [
        247.97413031457123,
        659.0724943224532,
        420.5623152922219,
        790.8687488008901
    ],
    "0000035.jpg": [
        289.5516929405942,
        665.2484792434096,
        466.96175560124124,
        801.4036774962808
    ],
    "0000036.jpg": [
        333.4388165428816,
        672.2599693313178,
        515.8682582238298,
        813.0333116360023
    ],
    "0000037.jpg": [
        380.997267189088,
        673.0561743792283,
        568.4665011896724,
        818.5796150708521
    ],
    "0000038.jpg": [
        431.3182654305939,
        667.6299212994688,
        623.9615747196777,
        818.1015312529323
    ],
    "0000039.jpg": [
        484.43605154707444,
        662.6272616056633,
        682.7760925698441,
        818.4871207893116
    ],
    "0000040.jpg": [
        541.3144896258451,
        665.6426481946354,
        745.7269720948601,
        827.35224293902
    ],
    "0000041.jpg": [
        602.8493329918794,
        675.3995788420913,
        813.604520006058,
        843.4086966043867
    ],
    "0000042.jpg": [
        669.1114012059913,
        683.097649558949,
        886.5044763521379,
        857.888299071598
    ],
    "0000043.jpg": [
        740.6864356825891,
        684.1186426391934,
        964.916927871186,
        866.1843907370456
    ],
    "0000044.jpg": [
        817.8669560491675,
        681.5077978001004,
        1049.3316957221266,
        871.4385789795828
    ],
    "0000045.jpg": [
        901.3124705848492,
        679.4590889332876,
        1140.3491342167306,
        877.9119969291079
    ],
    "0000046.jpg": [
        991.4443026616808,
        680.8067400470388,
        1238.7780484498962,
        888.61865983721
    ],
    "0000047.jpg": [
        1089.5291702187349,
        682.5443390821615,
        1346.1241231733625,
        900.6445289945084
    ],
    "0000048.jpg": [
        1197.1859213350733,
        683.2198680802452,
        1463.8366771548956,
        912.6581265474678
    ],
    "0000049.jpg": [
        1314.928282616234,
        684.580126773253,
        1592.268424509681,
        926.5376613179674
    ],
    "0000050.jpg": [
        1444.9962151325813,
        687.1969412076116,
        1733.4909308584754,
        943.1250272365032
    ],
    "0000051.jpg": [
        1589.4360740449933,
        690.789952472369,
        1889.5739176201796,
        962.4312118104618
    ],
    "0000052.jpg": [
        48.8721749835198,
        274.00691278502967,
        343.1950799262839,
        549.9167918039569
    ],
    "0000053.jpg": [
        225.66072030972623,
        272.1513134676686,
        497.52760728379656,
        547.5937154286703
    ],
    "0000054.jpg": [
        400.8840355688052,
        270.7118040366038,
        650.8531717146597,
        546.1246378722285
    ],
    "0000055.jpg": [
        574.9113458428913,
        274.1064323259873,
        803.2902642825663,
        549.7727060400484
    ],
    "0000056.jpg": [
        747.6905828497129,
        277.91815668103834,
        959.0058521135468,
        553.7962544820477
    ],
    "0000057.jpg": [
        919.8788328862775,
        275.2897006870556,
        1130.4532964994348,
        551.1140696449811
    ],