{
    "000000.jpg": [
        570.054526352008,
        683.6348298086112,
        709.3739128644106,
        726.9989432033515
    ],
    "000001.jpg": [
        567.0718761153752,
        686.5578194285384,
        708.086395565829,
        730.3400084414702
    ],
    "000002.jpg": [
        564.1927152223326,
        685.3953606315188,
        706.9420298336515,
        729.6311411639355
    ],
    "000003.jpg": [
        561.5994344139668,
        681.3184782883881,
        706.1358481944916,
        725.9877705141876
    ],
    "000004.jpg": [
        559.980603981092,
        678.0243499420131,
        706.3091311299696,
        723.1949933224738
    ],
    "000005.jpg": [
        559.160537975022,
        676.9155708739573,
        707.3062958300767,
        722.5855749281989
    ],
    "000006.jpg": [
        558.2754688073354,
        678.6030277452464,
        708.300392285381,
        724.7140475109645
    ],
    "000007.jpg": [
        556.5592419096114,
        680.0285810818024,
        708.4657100694758,
        726.7818827650791
    ],
    "000008.jpg": [
        553.7434626938818,
        681.0651166865237,
        707.5693140039469,
        728.5801111558654
    ],
    "000009.jpg": [
        550.7658662914267,
        681.6161879794004,
        706.607633542903,
        729.7776321978989
    ],
    "0000010.jpg": [
        547.4273218136544,
        680.6281690593494,
        705.3825302289249,
        729.3459033939611
    ],
    "0000011.jpg": [
        543.736028928697,
        678.4083583335976,
        703.8965014764224,
        727.6206300275533
    ],
    "0000012.jpg": [
        538.5109519468184,
        676.3631239217992,
        700.9085786780255,
        726.2720602486814
    ],
    "0000013.jpg": [
        531.5119913884178,
        678.0861420531052,
        696.2127875317207,
        728.7970429746556
    ],
    "0000014.jpg": [
        523.3153620575617,
        682.7210461777511,
        690.3885080896457,
        734.3076953891098
    ],
    "0000015.jpg": [
        513.3958022768057,
        685.7664416602325,
        682.9783486557146,
        738.2054901538872
    ],
    "0000016.jpg": [
        502.86856507182875,
        685.8561836729592,
        675.1759544585024,
        738.8407400360304
    ],
    "0000017.jpg": [
        491.828093628786,
        683.2337306870905,
        666.9652200999085,
        736.815584863759
    ],
    "0000018.jpg": [
        480.1034577325564,
        681.2784386985649,
        658.1433959153666,
        735.6167505296137
    ],
    "0000019.jpg": [
        468.099516818617,
        682.1946285027265,
        649.1299865377292,
        737.3704236666625
    ],
    "0000020.jpg": [
        456.1767655250391,
        682.1465847464639,
        640.2941812740455,
        738.2418587208548
    ],
    "0000021.jpg": [
        444.27542280724043,
        681.2338681992244,
        631.6444262308086,
        738.1544132206689
    ],
    "0000022.jpg": [
        432.1876203596927,
        681.4295463500307,
        622.956648466343,
        739.1550676185725
    ],
    "0000023.jpg": [
        420.3933421661995,
        682.517534945923,
        614.6441964323008,
        741.2085209751895
    ],
    "0000024.jpg": [
        408.87697029082807,
        686.4275210401622,
        606.7252729339361,
        746.1394374240188
    ],
    "0000025.jpg": [
        397.7453752197457,
        689.6986676681879,
        599.3493532192417,
        750.4112514038544
    ],
    "0000026.jpg": [
        386.75648418722574,
        692.3111935496328,
        592.3583301311334,
        753.8042670603809
    ],
    "0000027.jpg": [
        375.6725859778069,
        695.0199517059647,
        585.495474565955,
        757.1644736203414
    ],
    "0000028.jpg": [
        364.4052639484615,
        696.5523282973055,
        578.5492758195771,
        759.6854815540845
    ],
    "0000029.jpg": [
        353.62016463261153,
        698.2986014279224,
        572.170792635476,
        762.708633760388
    ],
    "0000030.jpg": [
        342.0153501362282,
        697.4670141243286,
        565.2409912724664,
        763.1402447209522
    ],
    "0000031.jpg": [
        330.4277660021252,
        693.6385336295533,
        558.641323191905,
        760.3676237704875
    ],
    "0000032.jpg": [
        317.9870027057073,
        688.8372401981084,
        551.4965843058741,
        756.5646107724472
    ],
    "0000033.jpg": [
        305.36442815894367,
        686.2753291336957,
        544.239959623827,
        755.5795276174131
    ],
    "0000034.jpg": [
        292.1268042645179,
        690.1190874219354,
        536.6612138605286,
        760.894590385569
    ],
    "0000035.jpg": [
        278.4019035916165,
        699.7151000211609,
        528.9390801818522,
        771.7430083636538
    ],
    "0000036.jpg": [
        264.47003261729054,
        703.2946420517704,
        521.2118020849424,
        777.0639611414038
    ],
    "0000037.jpg": [
        248.21782107473527,
        700.6581165519909,
        511.760679226625,
        775.8909749684324
    ],
    "0000038.jpg": [
        232.04180701790608,
        695.3152483414333,
        502.82757670629957,
        771.7686763478631
    ],
    "0000039.jpg": [
        216.38787716351538,
        692.8771060585091,
        494.7247874961134,
        770.5607942654818
    ],
    "0000040.jpg": [
        199.5430333437128,
        695.2384904145568,
        485.809197039016,
        774.308541580576
    ],
    "0000041.jpg": [
        180.69550583533257,
        696.1603237252966,
        475.26597780246254,
        777.2204367849478
    ],
    "0000042.jpg": [
        160.38188898765466,
        692.6090148450415,
        463.71069671384214,
        776.1042802950091
    ],
    "0000043.jpg": [
        139.41229841492145,
        691.3562758744854,
        452.0583745705334,
        776.968836071265
    ],
    "0000044.jpg": [
        117.18470738801237,
        693.417125641222,
        439.6824123313772,
        781.1326476247475
    ],
    "0000045.jpg": [
        93.42059682303338,
        698.2234772057408,
        426.2546283184509,
        788.4675688848541
    ],
    "0000046.jpg": [
        67.901951536736,
        700.6674555861651,
        411.82050774459384,
        793.4316726301258
    ],
    "0000047.jpg": [
        41.39389634775315,
        700.7597852177065,
        397.2471219659668,
        795.6136684351706
    ],
    "0000048.jpg": [
        12.840711464259702,
        702.8365008546712,
        381.4416777297745,
        799.7842727693939
    ],
    "0000049.jpg": [
        1420.9131603625458,
        695.8142239768044,
        1912.3344562951104,
        843.3874701347037
    ],
    "0000050.jpg": [
        1376.804707025208,
        697.6502150074749,
        1879.9878213154204,
        848.4096733723585
    ],
    "0000051.jpg": [
        1330.623514843995,
        705.53355633207,
        1845.600238967795,
        861.7325494543194
    ],
    "0000052.jpg": [
        1281.4531843860782,
        713.1945708630349,
        1808.3739111192674,
        876.0455161882353
    ],
    "0000053.jpg": [
        1229.978578730437,
        716.5980771045665,
        1769.637120097591,
        885.3402333858091
    ],
    "0000054.jpg": [
        1175.4747286627403,
        714.7752997638415,
        1728.741895480173,
        888.2623424444292
    ],
    "0000055.jpg": [
        1117.1011757724568,
        715.2915541773018,
        1684.739636585815,
        893.2596761825484
    ],
    "0000056.jpg": [
        1055.30880204027,
        719.7611907742552,
        1637.4947666549035,
        904.3050393386408
    ],
    "0000057.jpg": [
        990.2870120472459,
        724.6717699065308,
        1587.0777997119603,
        918.6880086245928
    ],
    "0000058.jpg": [
        920.7109860379761,
        728.8070560601542,
        1532.7606250980334,
        932.8970096520881
    ],