{
    "000000.jpg": [
        570.0545263520082,
        682.3629091216071,
        709.3739128644108,
        729.614808719302
    ],
    "000001.jpg": [
        567.0718761153751,
        685.1989078381745,
        708.086395565829,
        733.0721878100138
    ],
    "000002.jpg": [
        564.1927152223326,
        683.9764406570763,
        706.9420298336516,
        732.4532416735301
    ],
    "000003.jpg": [
        561.5994344139667,
        679.8106386374475,
        706.1358481944916,
        728.9290104053382
    ],
    "000004.jpg": [
        559.980603981092,
        676.4839114910927,
        706.3091311299697,
        726.198448625742
    ],
    "000005.jpg": [
        559.1605379750218,
        675.3283528363238,
        707.3062958300768,
        725.6651239951099
    ],
    "000006.jpg": [
        558.2754688073355,
        676.8954898231816,
        708.3003922853811,
        727.9443791225664
    ],
    "000007.jpg": [
        556.5592419096114,
        678.3858050860802,
        708.4657100694758,
        729.9803296682197
    ],
    "000008.jpg": [
        553.7434626938818,
        679.5895123616426,
        707.5693140039468,
        731.6472557240445
    ],
    "000009.jpg": [
        550.7658662914266,
        680.1786014144893,
        706.6076335429029,
        732.8439998982785
    ],
    "0000010.jpg": [
        547.4273218136545,
        679.1243416556565,
        705.382530228925,
        732.5175299680078
    ],
    "0000011.jpg": [
        543.736028928697,
        676.7610180173251,
        703.8965014764224,
        730.9766934603945
    ],
    "0000012.jpg": [
        538.5109519468184,
        674.7533824154859,
        700.9085786780255,
        729.6358485792354
    ],
    "0000013.jpg": [
        531.5119913884179,
        676.5938101857586,
        696.2127875317207,
        732.0941348048862
    ],
    "0000014.jpg": [
        523.3153620575619,
        681.3953685167327,
        690.3885080896459,
        737.4933214810727
    ],
    "0000015.jpg": [
        513.3958022768056,
        684.5601642462696,
        682.9783486557146,
        741.3325679676409
    ],
    "0000016.jpg": [
        502.8685650718287,
        684.4430489705586,
        675.1759544585024,
        742.2389406915089
    ],
    "0000017.jpg": [
        491.8280936287859,
        681.6430591451885,
        666.9652200999085,
        740.4590984662356
    ],
    "0000018.jpg": [
        480.1034577325565,
        679.6404083206626,
        658.1433959153666,
        739.3798368819948
    ],
    "0000019.jpg": [
        468.09951681861696,
        680.558508053813,
        649.1299865377293,
        741.207788463314
    ],
    "0000020.jpg": [
        456.17676552503895,
        680.5663413607195,
        640.2941812740456,
        742.102513295397
    ],
    "0000021.jpg": [
        444.2754228072406,
        679.5853994165483,
        631.6444262308086,
        742.165813363825
    ],
    "0000022.jpg": [
        432.18762035969263,
        679.6574315495463,
        622.956648466343,
        743.3769070403622
    ],
    "0000023.jpg": [
        420.39334216619955,
        680.7461114376888,
        614.6441964323009,
        745.5197667860565
    ],
    "0000024.jpg": [
        408.876970290828,
        684.6714391588616,
        606.725272933936,
        750.5292428801059
    ],
    "0000025.jpg": [
        397.7453752197459,
        687.9000950335833,
        599.3493532192418,
        754.9406195780513
    ],
    "0000026.jpg": [
        386.75648418722574,
        690.2099605492969,
        592.3583301311334,
        758.7375115822678
    ],
    "0000027.jpg": [
        375.67258597780693,
        692.4437510470298,
        585.495474565955,
        762.6789428650173
    ],
    "0000028.jpg": [
        364.40526394846154,
        693.7892837007732,
        578.5492758195771,
        765.4989400104893
    ],
    "0000029.jpg": [
        353.6201646326114,
        695.5876803029354,
        572.1707926354757,
        768.5862998934178
    ],
    "0000030.jpg": [
        342.01535013622816,
        694.7429854082261,
        565.2409912724664,
        769.1555615290795
    ],
    "0000031.jpg": [
        330.42776600212534,
        690.6452162918476,
        558.6413231919051,
        766.782508851146
    ],
    "0000032.jpg": [
        317.98700270570725,
        685.4566057653108,
        551.4965843058743,
        763.5067536280588
    ],
    "0000033.jpg": [
        305.36442815894384,
        683.0155477368411,
        544.239959623827,
        762.5495181280866
    ],
    "0000034.jpg": [
        292.126804264518,
        686.7971922821022,
        536.6612138605286,
        768.0867825548668
    ],
    "0000035.jpg": [
        278.4019035916165,
        696.030043321464,
        528.9390801818522,
        779.4700190691335
    ],
    "0000036.jpg": [
        264.4700326172905,
        699.6665022644797,
        521.2118020849424,
        784.9152331653004
    ],
    "0000037.jpg": [
        248.21782107473499,
        696.7325440207067,
        511.76067922662486,
        784.24001308164
    ],
    "0000038.jpg": [
        232.04180701790597,
        690.7775022946705,
        502.82757670629957,
        780.9392846283496
    ],
    "0000039.jpg": [
        216.3878771635153,
        687.6488314515635,
        494.7247874961133,
        780.640623615664
    ],
    "0000040.jpg": [
        199.54303334371252,
        689.3653560166066,
        485.80919703901617,
        785.2721606193663
    ],
    "0000041.jpg": [
        180.69550583533248,
        690.1332830919654,
        475.26597780246243,
        788.6017055664888
    ],
    "0000042.jpg": [
        160.3818889876548,
        686.7667118531193,
        463.71069671384214,
        787.5873583007159
    ],
    "0000043.jpg": [
        139.4122984149214,
        685.278245278663,
        452.0583745705334,
        788.9937163306917
    ],
    "0000044.jpg": [
        117.18470738801238,
        686.9684554579819,
        439.6824123313772,
        793.8605313614647
    ],
    "0000045.jpg": [
        93.42059682303339,
        691.6890289368861,
        426.254628318451,
        801.6451447478463
    ],
    "0000046.jpg": [
        67.90195153673608,
        693.904043767525,
        411.82050774459395,
        807.2345419334819
    ],
    "0000047.jpg": [
        41.393896347753056,
        693.2098414739091,
        397.24712196596687,
        810.627259024684
    ],
    "0000048.jpg": [
        12.840711464259908,
        694.3411439461387,
        381.44167772977437,
        816.2094371800544
    ],
    "0000049.jpg": [
        1420.9131603625458,
        691.557195168292,
        1912.3344562951104,
        857.1761468216592
    ],
    "0000050.jpg": [
        1376.8047070252082,
        692.0268442181814,
        1879.9878213154211,
        863.2566831759332
    ],
    "0000051.jpg": [
        1330.6235148439953,
        700.4832311832926,
        1845.600238967795,
        877.46294994806
    ],
    "0000052.jpg": [
        1281.4531843860782,
        709.639475985293,
        1808.3739111192674,
        892.6286155331322
    ],
    "0000053.jpg": [
        1229.9785787304365,
        713.4782169493457,
        1769.6371200975905,
        903.0659150585421
    ],
    "0000054.jpg": [
        1175.4747286627405,
        710.6431465661797,
        1728.7418954801728,
        907.4921241150153
    ],
    "0000055.jpg": [
        1117.1011757724568,
        709.499236148703,
        1684.7396365858149,
        914.2525859597823
    ],
    "0000056.jpg": [
        1055.3088020402695,
        713.9374089850538,
        1637.494766654903,
        926.9302559311326
    ],
    "0000057.jpg": [
        990.2870120472459,
        720.6450650821989,
        1587.0777997119603,
        942.6961214201356
    ],
    "0000058.jpg": [
        920.7109860379759,
        724.9805822337335,
        1532.7606250980332,
        958.5039165855751
    ],