{
    "000000.jpg": [
        471.4916780941144,
        639.5136427022442,
        705.6464633994885,
        739.5175808328136
    ],
    "000001.jpg": [
        463.033640319609,
        650.0142611906069,
        701.0709660846722,
        751.5258831818795
    ],
    "000002.jpg": [
        452.88683392664535,
        653.8927347324279,
        695.1258882200316,
        757.1796361902714
    ],
    "000003.jpg": [
        440.77303614088163,
        647.3850656921505,
        687.5025076696581,
        752.5022220331728
    ],
    "000004.jpg": [
        428.62939157458163,
        640.1143130563897,
        679.90404987714,
        746.8915476492397
    ],
    "000005.jpg": [
        415.07290653491157,
        637.9348899674159,
        671.1236454957418,
        746.6233807722874
    ],
    "000006.jpg": [
        400.34563490351326,
        639.8262665047318,
        661.3019114701536,
        750.40875810618
    ],
    "000007.jpg": [
        384.73956348375475,
        642.0349704536897,
        650.8358037156694,
        754.6538363802723
    ],
    "000008.jpg": [
        369.0216332954687,
        641.3153147293237,
        640.5069637459326,
        756.1085904214408
    ],
    "000009.jpg": [
        354.083450867905,
        637.7544966950925,
        631.1400335382763,
        754.7606957452609
    ],
    "0000010.jpg": [
        339.4098175813241,
        634.9933031353612,
        622.3301381677111,
        754.5207463701267
    ],
    "0000011.jpg": [
        325.44725941491913,
        635.4376215174238,
        614.3206280231924,
        757.4243997419667
    ],
    "0000012.jpg": [
        311.73232018384994,
        636.8830804941178,
        606.7079845753493,
        761.2914922902155
    ],
    "0000013.jpg": [
        298.445845525555,
        638.3163258436318,
        599.6568926493471,
        765.0468097712265
    ],
    "0000014.jpg": [
        285.4222086909648,
        638.7282108761731,
        593.1819357579396,
        768.0295025150089
    ],
    "0000015.jpg": [
        272.2954437656855,
        637.6920555220283,
        586.875670926931,
        769.6133118996515
    ],
    "0000016.jpg": [
        258.7446420356171,
        637.176740061774,
        580.5023487824162,
        771.9724699504081
    ],
    "0000017.jpg": [
        244.49148496701147,
        638.8149886581324,
        573.6555472410739,
        776.4192885074123
    ],
    "0000018.jpg": [
        229.7657619933456,
        641.9817379323543,
        566.6996541691836,
        782.6149928964148
    ],
    "0000019.jpg": [
        214.88075565289486,
        644.300290734754,
        560.0376643261808,
        788.3085396648021
    ],
    "0000020.jpg": [
        199.43976299943665,
        642.4775220575581,
        553.2653922927261,
        789.9469114714689
    ],
    "0000021.jpg": [
        183.57079613982063,
        637.7142979887608,
        546.5636201958016,
        788.8640403083169
    ],
    "0000022.jpg": [
        168.08451900554047,
        633.6248836488908,
        540.5535143928945,
        788.4852759255187
    ],
    "0000023.jpg": [
        152.7595475401018,
        631.6502584993893,
        535.0814630114052,
        790.4248167443711
    ],
    "0000024.jpg": [
        136.56223939560124,
        632.4896429609583,
        529.2829667430284,
        795.558141857565
    ],
    "0000025.jpg": [
        118.68938842326,
        632.9502315941488,
        522.2564326123368,
        800.097590408886
    ],
    "0000026.jpg": [
        98.66721165074104,
        632.9768116955194,
        513.7156328643692,
        804.2002853334134
    ],
    "0000027.jpg": [
        77.29947732124495,
        632.4969034399013,
        504.6743675515863,
        808.3592582946643
    ],
    "0000028.jpg": [
        54.233140450051366,
        630.4619913384763,
        494.883980344039,
        811.5033494917959
    ],
    "0000029.jpg": [
        29.361573355017477,
        627.1448702720968,
        484.29127420722324,
        813.8777033493604
    ],
    "0000030.jpg": [
        1.4159924194791198,
        623.8321195142449,
        471.5300607373716,
        816.1643125036576
    ],
    "0000031.jpg": [
        1198.6791386803582,
        605.0865983196181,
        1883.5767578221937,
        919.1768380891743
    ],
    "0000032.jpg": [
        1137.511528919703,
        606.0517429231918,
        1840.5879051427312,
        932.9776385713657
    ],
    "0000033.jpg": [
        1071.598005856942,
        607.4595992526862,
        1794.1107677885182,
        948.4105907370214
    ],
    "0000034.jpg": [
        1001.2092245234605,
        607.3828656021998,
        1744.181206076478,
        963.7977634107004
    ],
    "0000035.jpg": [
        926.1733003182364,
        606.4925119053811,
        1690.5919162866633,
        980.0119474107884
    ],
    "0000036.jpg": [
        844.0598720589645,
        603.4719371261184,
        1631.6126659167605,
        995.9051116090149
    ],
    "0000037.jpg": [
        755.2816000593635,
        598.3937842962353,
        1567.413194621792,
        1011.9225700325022
    ],
    "0000038.jpg": [
        657.6050699670307,
        592.2927044908351,
        1496.4188415513693,
        1029.431077950888
    ],
    "0000039.jpg": [
        551.7484905269101,
        582.6801419224884,
        1418.347400532497,
        1046.5949891991904
    ],
    "0000040.jpg": [
        436.0511705401277,
        577.0311845479722,
        1331.4888670095236,
        1071.4199013524994
    ],
    "0000041.jpg": [
        306.5744466263588,
        576.2615422031636,
        1233.1623662399263,
        1105.6698657282018
    ],
    "0000042.jpg": [
        163.49003469170918,
        569.7276992695953,
        1122.6329148650136,
        1139.6451452531105
    ],
    "0000043.jpg": [
        2.718153679561488,
        558.162719358971,
        995.7258602762905,
        1175.3642572900553
    ],
    "0000044.jpg": [
        968.7137241299272,
        120.46817249052667,
        1737.6079358180377,
        855.7756862595398
    ],
    "0000045.jpg": [
        722.2972366689778,
        119.18847388097038,
        1452.7582325593712,
        856.2308601022705
    ],
    "0000046.jpg": [
        432.9067583826826,
        121.00148564702936,
        1167.0951995292467,
        859.003983443199
    ],
    "0000047.jpg": [
        142.9154991455605,
        119.90143981773484,
        897.4746270349334,
        858.882703762503
    ],
    "0000048.jpg": [
        41.24154335643615,
        289.41408216016066,
        239.8306588702161,
        371.84761258427096
    ],
    "0000049.jpg": [
        109.96940424133429,
        291.9727155935669,
        303.7735750198784,
        373.21905569075574
    ],
    "0000050.jpg": [
        175.5296155358481,
        294.763505800224,
        365.12879209058843,
        374.9483621942769
    ],
    "0000051.jpg": [
        237.17152249756427,
        294.98379896585124,
        423.2037910837623,
        374.2268180964889
    ],
    "0000052.jpg": [
        293.44873868193457,
        290.84960283069523,
        476.4605531766827,
        369.27164941727955
    ],
    "0000053.jpg": [
        345.4745454034209,
        289.95582422646993,
        525.9134256359447,
        367.6686402537164
    ],
    "0000054.jpg": [
        394.5992081744744,
        289.95222881199453,
        572.7234597497884,
        367.0394181015184
    ],
    "0000055.jpg": [
        438.93507233312357,
        287.90908710467585,
        615.0824588714157,
        364.45796429220604
    ]
}