{
    "000000.jpg": [
        713.9509754861014,
        210.95575238212137,
        898.7766905031937,
        298.115074962648
    ],
    "000001.jpg": [
        750.4924669067184,
        214.4009659819482,
        933.7947682856047,
        301.84087438991224
    ]
}