{
    "000000.jpg": [
        1487.7944374918122,
        624.8685602622425,
        1913.539343018146,
        777.0191814331661
    ],
    "000001.jpg": [
        1469.0731203568034,
        619.0740452704923,
        1899.1118382506038,
        773.39031215141
    ],
    "000002.jpg": [
        1449.3901940524506,
        614.7290936585816,
        1883.9158929572677,
        771.2551297749342
    ],
    "000003.jpg": [
        1429.5272773322079,
        616.2518625240966,
        1868.2861732531708,
        775.0688456509621
    ],
    "000004.jpg": [
        1409.9899529198794,
        621.0266753243335,
        1852.5932784001473,
        782.2377480384237
    ],
    "000005.jpg": [
        1389.9041143645336,
        624.8518015953046,
        1836.4102626278657,
        788.5230975133125
    ],
    "000006.jpg": [
        1369.1018162321923,
        622.2702951754867,
        1819.8920721592276,
        788.4509913670688
    ],
    "000007.jpg": [
        1347.520841062203,
        616.5017241852487,
        1802.9292713698749,
        785.2425590873073
    ],
    "000008.jpg": [
        1325.604331216365,
        609.8009880778872,
        1785.7843574016363,
        781.1745357267349
    ],
    "000009.jpg": [
        1303.2455587228899,
        605.468049559058,
        1767.9999869499773,
        779.5578638448851
    ],
    "0000010.jpg": [
        1280.4017005457615,
        606.4760222514584,
        1749.8186392542425,
        783.3757331583937
    ],
    "0000011.jpg": [
        1257.42843327124,
        608.2316676876703,
        1731.7039466515864,
        788.0478695994916
    ],
    "0000012.jpg": [
        1233.6082144974378,
        610.5002796397674,
        1712.7673646423095,
        793.3139530475349
    ],
    "0000013.jpg": [
        1208.6169292014595,
        610.1215342769128,
        1692.5424158784726,
        796.002073817949
    ],
    "0000014.jpg": [
        1183.0268003220635,
        606.9401699902069,
        1671.7112681247104,
        795.975820047636
    ],
    "0000015.jpg": [
        1157.1858837254651,
        601.6367029849666,
        1650.861922909475,
        793.9328510046032
    ],
    "0000016.jpg": [
        1129.977242063742,
        598.4362364421478,
        1628.8210451156285,
        794.0799479525273
    ],
    "0000017.jpg": [
        1101.076755500799,
        598.7127488460256,
        1605.0042237999344,
        797.7920603377297
    ],
    "0000018.jpg": [
        1071.8774188624318,
        600.0204279794974,
        1580.6373891862922,
        802.6628546823997
    ],
    "0000019.jpg": [
        1041.6463085915507,
        600.7044888613434,
        1554.9110715780582,
        807.0215481122443
    ],
    "0000020.jpg": [
        1010.4913655732489,
        602.0007292015343,
        1528.7890554656126,
        812.1093028499928
    ],
    "0000021.jpg": [
        978.8365641879407,
        604.8099800209118,
        1502.5953902862598,
        818.8507925600553
    ],
    "0000022.jpg": [
        946.069993463118,
        608.7511367528335,
        1475.3951998316666,
        826.8539946759877
    ],
    "0000023.jpg": [
        911.6596658619779,
        609.1460426002589,
        1446.38851373355,
        831.4282068371975
    ],
    "0000024.jpg": [
        876.7126170028212,
        605.20428342538,
        1416.765685226186,
        831.8030796332991
    ],
    "0000025.jpg": [
        840.7153033252584,
        599.8536457804933,
        1386.4535157248633,
        830.9137232528897
    ],
    "0000026.jpg": [
        804.2753659151832,
        596.3716237455739,
        1355.7855540791234,
        832.071725436381
    ],
    "0000027.jpg": [
        766.2045100343729,
        593.4043223402052,
        1323.071612771582,
        833.9172936730472
    ],
    "0000028.jpg": [
        727.2558268945614,
        590.9771288857281,
        1289.194012846874,
        836.4924035344052
    ],
    "0000029.jpg": [
        687.4760032331889,
        588.3691557349357,
        1254.4229043515627,
        839.0679925743749
    ],
    "0000030.jpg": [
        646.51236546995,
        585.563151629977,
        1218.7634713915556,
        841.6336132584449
    ],
    "0000031.jpg": [
        604.2970100759179,
        584.3528727426668,
        1181.9526557326753,
        845.9925693909493
    ],
    "0000032.jpg": [
        560.7089859024283,
        584.851767901839,
        1143.5173341990712,
        852.2874935658874
    ],
    "0000033.jpg": [
        515.7177517281216,
        584.9192426387972,
        1103.5663058355651,
        858.3777613338598
    ],
    "0000034.jpg": [
        469.21318153181244,
        582.307307205398,
        1062.2068241853608,
        862.0047606699611
    ],
    "0000035.jpg": [
        421.2823370468749,
        580.0405263581691,
        1019.5401515419202,
        866.2089983061628
    ],
    "0000036.jpg": [
        372.54099396139753,
        578.6145640209284,
        975.9069728007909,
        871.4821112240277
    ],
    "0000037.jpg": [
        323.36014730780676,
        579.6483078424868,
        931.5227743153168,
        879.4574641269456
    ],
    "0000038.jpg": [
        272.5208513381284,
        579.9767022595374,
        885.1316619087153,
        886.9854676670275
    ],
    "0000039.jpg": [
        220.57170335878772,
        578.9401932945684,
        837.296344848896,
        893.3875603133172
    ],
    "0000040.jpg": [
        169.03349707422936,
        576.4297877733896,
        789.5309656766613,
        898.5288070844637
    ],
    "0000041.jpg": [
        117.7654700970405,
        573.950429685465,
        741.6265980793596,
        903.9032645078776
    ],
    "0000042.jpg": [
        66.64188823375207,
        572.9624636044941,
        693.6598072669938,
        910.9912797551098
    ],
    "0000043.jpg": [
        17.2706330371851,
        572.8700670975364,
        646.8259816611198,
        919.1045857911695
    ],
    "0000044.jpg": [
        11.314415234719048,
        544.2442150667771,
        471.16031699191126,
        1002.9759049239303
    ],
    "0000045.jpg": [
        52.135188754132436,
        542.516645290564,
        492.26540033238683,
        1007.1463698422036
    ],
    "0000046.jpg": [
        94.32897661780612,
        542.6936596313684,
        514.6425146326067,
        1013.3926378184931
    ],
    "0000047.jpg": [
        137.0482959283624,
        543.8754523875277,
        538.2811464554243,
        1020.8141732008961
    ],
    "0000048.jpg": [
        154.6316009612864,
        541.3590711150799,
        562.1276992630927,
        1024.807138902102
    ],
    "0000049.jpg": [
        173.4927384309049,
        535.83915104613,
        587.1599572804391,
        1026.0111770767971
    ],
    "0000050.jpg": [
        193.16539434058527,
        530.2508379301629,
        612.9894187492615,
        1027.4273195785074
    ],
    "0000051.jpg": [
        212.94138516614498,
        523.7198743508669,
        639.0057488598146,
        1028.293006437771
    ],
    "0000052.jpg": [
        232.46334960862615,
        519.8614199548807,
        664.8729444207146,
        1032.2180671998485
    ],
    "0000053.jpg": [
        251.21489909746126,
        512.887841443168,
        690.6839608851201,
        1033.4507345368836
    ],
    "0000054.jpg": [
        268.8014654045509,
        506.99334324444976,
        724.8984315279666,
        1037.3876569481902
    ],
    "0000055.jpg": [
        286.4536729450816,
        500.9585694972673,
        773.1507638948052,
        1042.0533373961005
    ],
    "0000056.jpg": [
        303.75516252319744,
        496.7995574979048,
        821.7581627036939,
        1049.2154131038885
    ],
    "0000057.jpg": [
        320.92859731755993,
        492.9430501452643,
        871.6994695791149,
        1057.8526036773937
    ],