{
    "000000.jpg": [
        1113.6220908439138,
        679.4434574922424,
        1298.6886466013968,
        823.6014029173683
    ],
    "000001.jpg": [
        1117.4574638896222,
        691.1866809669688,
        1309.3153703599246,
        840.0985558323712
    ],
    "000002.jpg": [
        1120.1542971492713,
        695.8985607513927,
        1319.3040084102322,
        849.9582052665716
    ],
    "000003.jpg": [
        1121.4822270245097,
        690.2533909365825,
        1328.2857792857405,
        849.7312012777645
    ],
    "000004.jpg": [
        1123.279095239006,
        684.394913656545,
        1338.1467956800882,
        849.5338757074776
    ],
    "000005.jpg": [
        1124.148610781521,
        683.1461956315364,
        1347.7720199873731,
        854.3967171848742
    ],
    "000006.jpg": [
        1124.3993645945197,
        686.2533969111886,
        1357.391573979905,
        864.0404379618988
    ],
    "000007.jpg": [
        1124.3758695759882,
        689.5929963597914,
        1367.4991196251055,
        874.4628827759055
    ],
    "000008.jpg": [
        1124.8681724280275,
        689.8694545517747,
        1378.9814341005567,
        882.4079468881904
    ],
    "000009.jpg": [
        1126.8278101854849,
        687.4241781597767,
        1392.89993922435,
        888.2662426945199
    ],
    "0000010.jpg": [
        1129.8135057794527,
        685.1811252386818,
        1409.1904870649266,
        895.1710975616274
    ],
    "0000011.jpg": [
        1134.3753787908834,
        686.6125529480204,
        1428.423862322133,
        906.6172063564173
    ],
    "0000012.jpg": [
        1140.1354360059354,
        689.455561308606,
        1450.4026558132941,
        920.4491392808148
    ],
    "0000013.jpg": [
        1147.3914346730319,
        692.9451689581533,
        1475.640864864516,
        936.0641373248865
    ],
    "0000014.jpg": [
        1156.050680350432,
        695.1127598122473,
        1504.6042113798649,
        951.8027501150448
    ],
    "0000015.jpg": [
        1165.9964687366898,
        696.1702260708922,
        1537.4495712418577,
        968.0600517176333
    ],
    "0000016.jpg": [
        1176.9618427580212,
        697.4690473014233,
        1574.5640869704591,
        986.5286608088505
    ],
    "0000017.jpg": [
        1188.9283533758612,
        701.7003732511308,
        1616.3959397523045,
        1010.2359280312572
    ],
    "0000018.jpg": [
        1202.2731121671204,
        707.4907830561068,
        1664.435591675331,
        1038.46481232093
    ],
    "0000019.jpg": [
        1217.4846984370292,
        712.2117318948361,
        1720.410072873159,
        1069.3521382839217
    ],
    "0000020.jpg": [
        1234.7251303766154,
        713.1634492466862,
        1785.7246808041423,
        1100.747891223124
    ],
    "0000021.jpg": [
        1254.341306831416,
        711.2755745518623,
        1862.962147722856,
        1134.8776137810326
    ]
}