{
    "000000.jpg": [
        840.0078639597286,
        680.920439874289,
        769.5280007337825,
        732.2109615782051
    ],
    "000001.jpg": [
        837.7412545256714,
        692.0569275198668,
        766.3883573739763,
        743.9606221813656
    ],
    "000002.jpg": [
        834.1305533142914,
        696.4304971147932,
        761.9466286381022,
        749.0187084501204
    ],
    "000003.jpg": [
        828.9269242052707,
        690.438799165264,
        755.9104212585592,
        743.7186175678188
    ],
    "000004.jpg": [
        823.8680313657242,
        683.864355703299,
        749.9526770481664,
        737.7858479965539
    ],
    "000005.jpg": [
        817.6917984638014,
        682.2938212644119,
        742.8979758819027,
        736.9425136224872
    ],
    "000006.jpg": [
        810.6259895496602,
        684.875026142472,
        734.9066788366996,
        740.2460854617708
    ],
    "000007.jpg": [
        803.0171561084303,
        687.7397613281197,
        726.3717685994094,
        743.8715962553043
    ],
    "000008.jpg": [
        795.6318780199014,
        687.6501213135105,
        718.0707996062778,
        744.5812458843546
    ],
    "000009.jpg": [
        789.3114007202588,
        684.756457615097,
        710.8260732674789,
        742.4942964316848
    ],
    "0000010.jpg": [
        783.6229489100403,
        682.544039325807,
        704.2513236975797,
        741.1848164589524
    ],
    "0000011.jpg": [
        778.8983215061701,
        683.6550787495955,
        698.5813553000077,
        743.179131810969
    ],
    "0000012.jpg": [
        774.7201793076198,
        685.8811678151825,
        693.4051820381577,
        746.2768883760278
    ],
    "0000013.jpg": [
        771.2997890623395,
        688.2403900259355,
        688.9231412087937,
        749.4724437941701
    ],
    "0000014.jpg": [
        768.5378884043322,
        689.501244541374,
        685.1213725943553,
        751.639200323499
    ],
    "0000015.jpg": [
        766.1281202804737,
        689.3777543901379,
        681.6353263985517,
        752.4280116984485
    ],
    "0000016.jpg": [
        763.7737210462694,
        689.7217669982222,
        678.2124200582333,
        753.7569875854459
    ],
    "0000017.jpg": [
        761.1998666574474,
        692.3873579266309,
        674.4837412248417,
        757.3832782840425
    ],
    "0000018.jpg": [
        758.7090115388874,
        696.5508543423906,
        670.8252838627122,
        762.5625760110828
    ],
    "0000019.jpg": [
        756.6648090788041,
        699.7394106050106,
        667.6410488865647,
        766.8489384807162
    ],
    "0000020.jpg": [
        754.7205239322892,
        698.878835650729,
        664.5239824306195,
        767.1010030655289
    ],
    "0000021.jpg": [
        753.0450913237348,
        695.0773455770574,
        661.6721296160464,
        764.4609981730154
    ],
    "0000022.jpg": [
        752.3176383877138,
        692.1093429212494,
        659.7105964829527,
        762.6653385332155
    ],
    "0000023.jpg": [
        752.3619492792624,
        691.2963332960483,
        658.4893777039487,
        763.0802901581158
    ],
    "0000024.jpg": [
        752.3263700416118,
        693.2181328635209,
        657.1775012935503,
        766.3197118019353
    ],
    "0000025.jpg": [
        751.4913898253469,
        695.1389807842262,
        654.91653971364,
        769.4873116649661
    ],
    "0000026.jpg": [
        749.5787216746637,
        696.8591299237565,
        651.468036565454,
        772.4298807228214
    ],
    "0000027.jpg": [
        747.4413608851661,
        697.9329679850006,
        647.8304052109514,
        774.858803811175
    ],
    "0000028.jpg": [
        744.9087509969413,
        697.3520579985684,
        643.8160450495348,
        775.7515701154072
    ],
    "0000029.jpg": [
        741.9687936784992,
        695.4421328710246,
        639.3977626095779,
        775.4258714227329
    ],
    "0000030.jpg": [
        737.4948676896336,
        693.9682957661771,
        633.2859344655467,
        775.4834044470447
    ],
    "0000031.jpg": [
        731.1869937227365,
        696.363361037811,
        625.219344657034,
        779.4469087980146
    ],
    "0000032.jpg": [
        723.6086121913129,
        701.7828218660726,
        615.7817828798792,
        786.4758518651488
    ],
    "0000033.jpg": [
        714.2088977413625,
        705.65947589367,
        604.4918593897074,
        792.0541426314549
    ],
    "0000034.jpg": [
        704.0078597894969,
        706.237998760744,
        592.5696217651445,
        794.6177010123313
    ],
    "0000035.jpg": [
        693.1174182639088,
        704.13622875569,
        579.9164457448517,
        794.58136497797
    ],
    "0000036.jpg": [
        681.3485509786076,
        702.8925334461632,
        566.2585237163897,
        795.4249897024428
    ],
    "0000037.jpg": [
        669.0942295966466,
        704.6341134977533,
        552.0191708481375,
        799.336231311178
    ],
    "0000038.jpg": [
        656.6266572976796,
        705.50710509218,
        537.5090454239465,
        802.4608723739422
    ],
    "0000039.jpg": [
        643.8478883405655,
        705.4438880156393,
        522.7362776481262,
        804.8519095616363
    ],
    "0000040.jpg": [
        630.5267289260661,
        706.4554589274613,
        507.41559809562705,
        808.5090676348606
    ],
    "0000041.jpg": [
        617.0982118965932,
        708.5971961253211,
        491.87673436578956,
        813.3602242539977
    ],
    "0000042.jpg": [
        603.465736526339,
        713.7419391289743,
        476.0734279088614,
        821.3533591793068
    ],
    "0000043.jpg": [
        589.6706051867062,
        718.3061320582256,
        460.14676990422396,
        828.9698660973295
    ],
    "0000044.jpg": [
        575.3361377841844,
        722.1340370291501,
        443.8721415989307,
        836.189437542983
    ],
    "0000045.jpg": [
        560.1175017329848,
        726.0911670734797,
        426.8707661095144,
        843.8429273859579
    ],
    "0000046.jpg": [
        543.9785948327241,
        729.3018002157729,
        408.8000035402776,
        850.7961555899401
    ],
    "0000047.jpg": [
        527.460386852826,
        733.1955532880959,
        390.2405075233731,
        858.4987754715739
    ],
    "0000048.jpg": [
        508.9272986371312,
        734.7257327096405,
        369.87299675826165,
        864.122438529144
    ],
    "0000049.jpg": [
        489.0125707727718,
        733.1793906335253,
        348.5555143705398,
        867.1487032803835
    ],
    "0000050.jpg": [
        466.6696802784342,
        730.7047551759234,
        325.17473155077175,
        869.7043756922499
    ],
    "0000051.jpg": [
        442.37711093098807,
        731.0945232178876,
        299.77258999125604,
        875.2115640390049
    ],
    "0000052.jpg": [
        415.1841861237107,
        738.0017264323656,
        271.9620275271974,
        887.8531997134888
    ],
    "0000053.jpg": [
        384.595829329168,
        751.2975084731316,
        241.55404080931442,
        907.441005993324
    ],
    "0000054.jpg": [
        350.649923969929,
        759.5228225992153,
        208.43959092145533,
        922.094512098341
    ],
    "0000055.jpg": [
        1560.0123652188026,
        800.2022725132753,
        1547.7028054633786,
        1014.6235813654258
    ],
    "0000056.jpg": [
        1426.8622338605,
        815.877314625074,
        1466.8988142487974,
        1037.2281486621578
    ],
    "0000057.jpg": [
        43.89709812221695,
        325.0741694090269,
        131.8217152078933,
        391.2958505197313
    ],
    "0000058.jpg": [
        106.52287423827148,
        324.7943870711259,
        190.75529161648507,
        390.2518978338594
    ],