{
    "000000.jpg": [
        765.8302733219338,
        679.8696399605662,
        840.460318779829,
        737.250414907569
    ],
    "000001.jpg": [
        762.5237197122883,
        690.9743969315629,
        838.1472910015603,
        749.1377487369773
    ],
    "000002.jpg": [
        757.8416513591118,
        695.3101934542161,
        834.5518643968634,
        754.3481495527592
    ],
    "000003.jpg": [
        751.5314479830486,
        689.2807479771147,
        829.3781061823281,
        749.203631970933
    ],
    "000004.jpg": [
        745.3370060239463,
        682.6711656316662,
        824.2951392217745,
        743.4227139395875
    ],
    "000005.jpg": [
        737.9918724569424,
        681.0715710602959,
        818.1322803995369,
        742.7350144034315
    ],
    "000006.jpg": [
        729.72039540147,
        683.6218079747042,
        811.049614401486,
        746.1997174741593
    ],
    "000007.jpg": [
        720.868891072803,
        686.4515053411545,
        803.4400792817663,
        749.997769468344
    ],
    "000008.jpg": [
        712.204684428775,
        686.3262174373143,
        796.0777074625771,
        750.8878243986277
    ],
    "000009.jpg": [
        704.5727065636942,
        683.3953986637399,
        789.7812609423759,
        748.987713602562
    ],
    "0000010.jpg": [
        697.5335828631025,
        681.1494974719661,
        784.1724223831238,
        747.8743617953418
    ],
    "0000011.jpg": [
        691.4193988290491,
        682.2231272616768,
        779.4846432868419,
        750.0728425303587
    ],
    "0000012.jpg": [
        685.8078782486978,
        684.4100769582853,
        775.3098817248936,
        753.3812181256063
    ],
    "0000013.jpg": [
        680.911761818935,
        686.7241815630463,
        771.8472066028851,
        756.7963237020157
    ],
    "0000014.jpg": [
        676.6290369788807,
        687.9376616027854,
        769.1591801703228,
        759.1974450588585
    ],
    "0000015.jpg": [
        672.6467247882923,
        687.7612190883564,
        766.9852655798956,
        760.2337653859246
    ],
    "0000016.jpg": [
        668.664456867594,
        688.0520062250567,
        764.9168892390244,
        761.8245373213374
    ],
    "0000017.jpg": [
        664.4010155113153,
        690.6590457732566,
        762.5933956179542,
        765.7238767871065
    ],
    "0000018.jpg": [
        660.1589685768337,
        694.7565555833821,
        760.3886336566421,
        771.1980167674989
    ],
    "0000019.jpg": [
        656.3017200397801,
        697.8659560621608,
        758.7022970215537,
        775.8106459685855
    ],
    "0000020.jpg": [
        652.4747942713623,
        696.925904901958,
        757.1291841781401,
        776.3999025778974
    ],
    "0000021.jpg": [
        648.8464555193924,
        693.0407569603691,
        755.8680608185956,
        774.1164723830027
    ],
    "0000022.jpg": [
        646.0997482469702,
        689.9952768379669,
        755.5460884807261,
        772.6822260092835
    ],
    "0000023.jpg": [
        644.0551935346015,
        689.1065160133219,
        756.017427872383,
        773.4740762929019
    ],
    "0000024.jpg": [
        641.8464766840431,
        690.9421422560406,
        756.4637930978139,
        777.1247560811433
    ],
    "0000025.jpg": [
        638.7394909049684,
        692.7752038287017,
        756.0350326092691,
        780.7108283170375
    ],
    "0000026.jpg": [
        634.4445078762985,
        694.3953466893458,
        754.5001988910094,
        784.0970836406199
    ],
    "0000027.jpg": [
        629.8230536518982,
        695.3631753591264,
        752.847329016502,
        787.00702760131
    ],
    "0000028.jpg": [
        624.6918885538485,
        694.6679142853601,
        750.8958277331853,
        788.4212381016936
    ],
    "0000029.jpg": [
        619.0306583901632,
        692.6395050537191,
        748.6242773183131,
        788.6538787890423
    ],
    "0000030.jpg": [
        611.6901085204419,
        691.0432193495825,
        744.765172237728,
        789.2883267587227
    ],
    "0000031.jpg": [
        602.3539466181292,
        693.3174814166134,
        739.0763754882727,
        793.8551445747526
    ],
    "0000032.jpg": [
        591.5824277572596,
        698.602598475462,
        732.1406388445579,
        801.5332522944951
    ],
    "0000033.jpg": [
        578.7919470166979,
        702.3138692239871,
        723.489079676008,
        807.8361350136709
    ],
    "0000034.jpg": [
        565.0036198848773,
        702.695045212046,
        714.3305662572866,
        811.2304122653721
    ],
    "0000035.jpg": [
        550.3074652254395,
        700.3951951132101,
        704.5834139262136,
        812.0720776442815
    ],
    "0000036.jpg": [
        534.4905874719063,
        698.9468603860065,
        693.998884742175,
        813.8443283930079
    ],
    "0000037.jpg": [
        517.930559906883,
        700.4675571587915,
        683.0140234670571,
        818.7601927804301
    ],
    "0000038.jpg": [
        500.87862925495944,
        701.1096387620254,
        671.9395831841148,
        822.9623722255039
    ],
    "0000039.jpg": [
        483.20163667023604,
        700.7826590565777,
        660.8026100539164,
        826.5570332914302
    ],
    "0000040.jpg": [
        464.6329575586406,
        701.5120043212486,
        649.3459106697885,
        831.5355335292041
    ],
    "0000041.jpg": [
        445.57762757736276,
        703.3460366543659,
        637.9157215423653,
        837.8224302520215
    ],
    "0000042.jpg": [
        425.89783830951893,
        708.1287345828433,
        626.4946717173367,
        847.424560773066
    ],
    "0000043.jpg": [
        405.58677702193796,
        712.2799510300829,
        615.2349732553157,
        856.8430088476981
    ],
    "0000044.jpg": [
        384.202951003519,
        715.5996011669105,
        603.9430955865399,
        866.1539552948323
    ],
    "0000045.jpg": [
        361.33214654743944,
        718.9508345402645,
        592.2801583761576,
        876.2084229249742
    ],
    "0000046.jpg": [
        336.8439865587957,
        721.525306174442,
        579.9554839208819,
        885.764327442955
    ],
    "0000047.jpg": [
        311.2213138427416,
        724.7162060441408,
        567.5751070181468,
        896.3425797859735
    ],
    "0000048.jpg": [
        282.6590140305691,
        725.4194352170235,
        553.8905873424264,
        905.2650714980507
    ],
    "0000049.jpg": [
        251.6845108134424,
        722.9237792774869,
        539.7878769142128,
        912.0989918307595
    ],
    "0000050.jpg": [
        217.056020001691,
        719.3889812736506,
        524.25929907603,
        919.0146672887423
    ],
    "0000051.jpg": [
        179.0887847944991,
        718.6929507420527,
        507.4429492032026,
        929.305143962287
    ],
    "0000052.jpg": [
        136.5790980271177,
        724.3323171780502,
        489.07582986970726,
        947.5828856672142
    ],
    "0000053.jpg": [
        88.73116038532491,
        735.9210466170127,
        469.08255917332474,
        974.1042465605382
    ],
    "0000054.jpg": [
        35.166532508624734,
        742.2039882090294,
        447.42930742223814,
        996.7294461738371
    ],
    "0000055.jpg": [
        1105.1580878955015,
        752.5877657900234,
        1915.3297211697607,
        1224.6161239935443
    ],
    "0000056.jpg": [
        957.561712818504,
        760.6460956931037,
        1847.3044966847485,
        1279.7722566827808
    ],
    "0000057.jpg": [
        37.3931133263286,
        324.84272476728086,
        132.64359163828357,
        392.6259383624515
    ],
    "0000058.jpg": [
        98.52354206774926,
        324.61606163588743,
        191.5668490339189,
        391.4101171697769
    ],