{
    "000000.jpg": [
        1156.2941827764757,
        688.9248136699567,
        1193.0743141930927,
        719.96016731426
    ],
    "000001.jpg": [
        1160.567868630487,
        691.772136150648,
        1197.7938354625696,
        723.1827873659277
    ],
    "000002.jpg": [
        1165.12001558229,
        690.6577346338489,
        1202.7900583917988,
        722.4476535969538
    ],
    "000003.jpg": [
        1170.1332647783775,
        686.5081774510716,
        1208.2599153941403,
        718.6888206031225
    ],
    "000004.jpg": [
        1176.2986477495665,
        683.3897851480675,
        1214.8879007494259,
        715.9664211808413
    ],
    "000005.jpg": [
        1183.4224703103453,
        682.3958392115924,
        1222.4973887898987,
        715.3821699817953
    ],
    "000006.jpg": [
        1190.692517844144,
        683.8872513403056,
        1230.2867604324658,
        717.303663228278
    ],
    "000007.jpg": [
        1197.3412732498043,
        685.9421123607167,
        1237.4239603765245,
        719.7771730322437
    ],
    "000008.jpg": [
        1203.1196105697456,
        688.0760010841294,
        1243.6759366037045,
        722.3283939102398
    ],
    "000009.jpg": [
        1208.9627237338163,
        689.161899635977,
        1250.0317225153865,
        723.8565039215314
    ],
    "0000010.jpg": [
        1214.6855938924277,
        688.2552258448153,
        1256.2979554999256,
        723.4138659328704
    ],
    "0000011.jpg": [
        1220.307796309722,
        685.7805971649224,
        1262.489479078975,
        721.4223210153135
    ],
    "0000012.jpg": [
        1224.6549596736832,
        684.2942051309308,
        1267.3737260236662,
        720.4087846935433
    ],
    "0000013.jpg": [
        1227.5097737040307,
        686.9350375547149,
        1270.764068625002,
        723.5249227797166
    ],
    "0000014.jpg": [
        1228.9276455133663,
        692.4631057049385,
        1272.724199673792,
        729.5397914057852
    ],
    "0000015.jpg": [
        1228.944757294065,
        696.2070131281006,
        1273.2957645030147,
        733.7877822130697
    ],
    "0000016.jpg": [
        1228.7125769267086,
        695.563276273599,
        1273.6931299082426,
        733.696081719461
    ],
    "0000017.jpg": [
        1228.3089647087068,
        692.336945805918,
        1273.9224599489598,
        731.0321223554552
    ],
    "0000018.jpg": [
        1227.6068055566047,
        690.3561141923907,
        1273.8456776632684,
        729.6181370699144
    ],
    "0000019.jpg": [
        1227.0159023695194,
        691.4720061017523,
        1273.9000778972907,
        731.3181861569284
    ],
    "0000020.jpg": [
        1226.9211265049803,
        691.8653415757266,
        1274.4629213006253,
        732.3119399715962
    ],
    "0000021.jpg": [
        1227.3186301729736,
        690.8599344743959,
        1275.5685536085653,
        731.9434486441143
    ],
    "0000022.jpg": [
        1228.0205807551454,
        690.7235461162389,
        1277.021898676069,
        732.4750347475657
    ],
    "0000023.jpg": [
        1229.5130966244265,
        692.0378434860187,
        1279.2767196334091,
        734.474965176377
    ],
    "0000024.jpg": [
        1231.8019509775004,
        696.2609672285806,
        1282.369372249019,
        739.4170133890386
    ],
    "0000025.jpg": [
        1235.0622391534403,
        699.6072081891245,
        1286.483076191616,
        743.5214065262451
    ],
    "0000026.jpg": [
        1239.0824086015193,
        701.1875198914375,
        1291.4470303814005,
        745.9199178189817
    ],
    "0000027.jpg": [
        1243.6665384562623,
        702.1427442493488,
        1297.0501220958577,
        747.7458603740863
    ],
    "0000028.jpg": [
        1248.7503374755133,
        703.1856207839363,
        1303.1339090387373,
        749.6692761745062
    ],
    "0000029.jpg": [
        1255.0171949039434,
        705.500447482437,
        1310.403767788535,
        752.8868925451974
    ],
    "0000030.jpg": [
        1261.266332537849,
        704.9806385398439,
        1317.701481186926,
        753.3154215535887
    ],
    "0000031.jpg": [
        1268.3817753618487,
        700.3642043531075,
        1325.9587212110405,
        749.7129581038682
    ],
    "0000032.jpg": [
        1275.5486843770743,
        694.2702971993698,
        1334.3350560500398,
        744.6865766679198
    ],
    "0000033.jpg": [
        1283.454217597544,
        692.6128033787909,
        1343.4174668887263,
        744.1060566884238
    ],
    "0000034.jpg": [
        1291.7264960389316,
        696.5834914541655,
        1352.9909730664835,
        749.2293206986216
    ],
    "0000035.jpg": [
        1300.5926485594211,
        705.0866807116702,
        1363.3101920679567,
        758.9832456386741
    ],
    "0000036.jpg": [
        1310.3883735897323,
        709.4135316960217,
        1374.5199379113105,
        764.5855392947357
    ],
    "0000037.jpg": [
        1319.211680329984,
        706.0459304813802,
        1384.8458477680067,
        762.5740525845538
    ],
    "0000038.jpg": [
        1329.3468351380668,
        698.6376961032405,
        1396.61399561814,
        756.6141729655419
    ],
    "0000039.jpg": [
        1341.306444777752,
        693.8238979446041,
        1410.3340002905643,
        753.3386650352218
    ],
    "0000040.jpg": [
        1353.535107826633,
        694.0312345567811,
        1424.423929824364,
        755.16222901418
    ],
    "0000041.jpg": [
        1365.4020945187629,
        694.9210795866492,
        1438.1261391469945,
        757.7080058038536
    ],
    "0000042.jpg": [
        1377.4930169653207,
        692.7866568441931,
        1452.0455054999438,
        757.2840265748241
    ],
    "0000043.jpg": [
        1390.5254745628574,
        690.9609828993288,
        1467.0909017061178,
        757.2904708696101
    ],
    "0000044.jpg": [
        1405.4461513793406,
        692.2619393022569,
        1484.1114225698543,
        760.4953888204636
    ],
    "0000045.jpg": [
        1420.888590336506,
        697.5672866071453,
        1501.7211982720594,
        767.7912963709243
    ],
    "0000046.jpg": [
        1436.818166626342,
        699.9895088302231,
        1519.9305894435608,
        772.3217384762808
    ],
    "0000047.jpg": [
        1454.062653878374,
        697.8131479388168,
        1539.6581138346248,
        772.408292751345
    ],
    "0000048.jpg": [
        1471.8146166607007,
        697.0357089958129,
        1560.0523436551407,
        774.02533143811
    ],
    "0000049.jpg": [
        1489.761650284593,
        701.6694004525589,
        1580.850253449415,
        781.2021201505609
    ],
    "0000050.jpg": [
        1509.0248576210213,
        706.4383258516705,
        1602.9235706232914,
        788.6157276299394
    ],
    "0000051.jpg": [
        1529.4961870939535,
        705.6284994416263,
        1626.2075958658831,
        790.5821500374396
    ],
    "0000052.jpg": [
        1551.6752020803365,
        699.4664016214241,
        1651.3206770594056,
        787.3688490347902
    ],
    "0000053.jpg": [
        1574.1677162882693,
        696.6922649186104,
        1677.8589216460923,
        787.8025102510733
    ],
    "0000054.jpg": [
        1598.256247573192,
        701.7439669664853,
        1706.4683694776347,
        796.3189912148159
    ],
    "0000055.jpg": [
        1624.2135221908259,
        711.223765593839,
        1737.2253647273278,
        809.5009444697131
    ],
    "0000056.jpg": [
        1652.1540645149155,
        716.7558939145374,
        1770.1242300662445,
        818.9718572573234
    ],
    "0000057.jpg": [
        1682.9535246752928,
        713.2354771766293,
        1806.2306557557113,
        819.6993435592648
    ],