{
    "000000.jpg": [
        1182.5115498324349,
        688.9248136699568,
        1166.7613168475987,
        719.96016731426
    ],
    "000001.jpg": [
        1187.0734503762487,
        691.772136150648,
        1171.1900040058435,
        723.1827873659278
    ],
    "000002.jpg": [
        1191.92023703037,
        690.6577346338489,
        1175.8895240861407,
        722.4476535969537
    ],
    "000003.jpg": [
        1197.2354045411332,
        686.5081774510716,
        1181.0558848470375,
        718.6888206031226
    ],
    "000004.jpg": [
        1203.7128091331997,
        683.3897851480675,
        1187.3697832667858,
        715.9664211808413
    ],
    "000005.jpg": [
        1211.1582986054887,
        682.3958392115923,
        1194.6549605123307,
        715.3821699817953
    ],
    "000006.jpg": [
        1218.7575092380957,
        683.8872513403056,
        1202.1120663642832,
        717.303663228278
    ],
    "000007.jpg": [
        1225.740105432688,
        685.9421123607167,
        1208.9119350910494,
        719.7771730322437
    ],
    "000008.jpg": [
        1231.856614846056,
        688.0760010841294,
        1214.8221257575897,
        722.3283939102397
    ],
    "000009.jpg": [
        1238.045392619825,
        689.161899635977,
        1220.828941854187,
        723.8565039215314
    ],
    "0000010.jpg": [
        1244.1210615887117,
        688.2552258448153,
        1226.7395918063125,
        723.4138659328704
    ],
    "0000011.jpg": [
        1250.1033068312124,
        685.7805971649225,
        1232.5687019711177,
        721.4223210153135
    ],
    "0000012.jpg": [
        1254.8135082904153,
        684.2942051309308,
        1237.0872101540303,
        720.4087846935433
    ],
    "0000013.jpg": [
        1258.0340933533507,
        686.9350375547148,
        1240.1082095591846,
        723.5249227797165
    ],
    "0000014.jpg": [
        1259.8108061169592,
        692.4631057049385,
        1241.7057177602271,
        729.5397914057852
    ],
    "0000015.jpg": [
        1260.190460191152,
        696.2070131281006,
        1241.9116376215056,
        733.7877822130697
    ],
    "0000016.jpg": [
        1260.3302589224118,
        695.5632762735988,
        1241.9355095184546,
        733.696081719461
    ],
    "0000017.jpg": [
        1260.3086970784611,
        692.3369458059179,
        1241.7818785123673,
        731.0321223554553
    ],
    "0000018.jpg": [
        1259.9991712532408,
        690.3561141923907,
        1241.3110723987754,
        729.6181370699144
    ],
    "0000019.jpg": [
        1259.8143996303133,
        691.4720061017522,
        1240.956994360864,
        731.3181861569284
    ],
    "0000020.jpg": [
        1260.1415232446734,
        691.8653415757266,
        1241.0955120906117,
        732.3119399715962
    ],
    "0000021.jpg": [
        1260.9775380717174,
        690.8599344743959,
        1241.7606645704413,
        731.9434486441143
    ],
    "0000022.jpg": [
        1262.135087542169,
        690.7235461162389,
        1242.7561718003767,
        732.4750347475657
    ],
    "0000023.jpg": [
        1264.1034230331793,
        692.0378434860187,
        1244.5320249263652,
        734.474965176377
    ],
    "0000024.jpg": [
        1266.8895597886547,
        696.2609672285806,
        1247.12304894002,
        739.4170133890385
    ],
    "0000025.jpg": [
        1270.6704860629538,
        699.6072081891245,
        1250.7117551251974,
        743.5214065262452
    ],
    "0000026.jpg": [
        1275.2349082747326,
        701.1875198914377,
        1255.1278491220419,
        745.9199178189818
    ],
    "0000027.jpg": [
        1280.3869882569056,
        702.1427442493488,
        1260.1596754103543,
        747.7458603740863
    ],
    "0000028.jpg": [
        1286.062660280186,
        703.1856207839363,
        1265.6474219085894,
        749.6692761745062
    ],
    "0000029.jpg": [
        1292.9490318987225,
        705.5004474824373,
        1272.2922293927043,
        752.8868925451974
    ],
    "0000030.jpg": [
        1299.8415872075263,
        704.9806385398439,
        1278.9420188054978,
        753.3154215535887
    ],
    "0000031.jpg": [
        1307.6299983104138,
        700.3642043531077,
        1286.5235344430582,
        749.7129581038683
    ],
    "0000032.jpg": [
        1315.4960389408543,
        694.2702971993697,
        1294.1988240210508,
        744.6865766679199
    ],
    "0000033.jpg": [
        1324.1321523512545,
        692.6128033787909,
        1302.5456478763351,
        744.1060566884238
    ],
    "0000034.jpg": [
        1333.1666953052834,
        696.5834914541654,
        1311.349666287652,
        749.2293206986217
    ],
    "0000035.jpg": [
        1342.8316155914981,
        705.0866807116702,
        1320.8611695090772,
        758.9832456386741
    ],
    "0000036.jpg": [
        1353.461077348885,
        709.4135316960217,
        1331.2286185112553,
        764.5855392947357
    ],
    "0000037.jpg": [
        1363.1431345668452,
        706.0459304813802,
        1340.6919825693487,
        762.5740525845538
    ],
    "0000038.jpg": [
        1374.1819983694984,
        698.6376961032405,
        1351.5548664548412,
        756.6141729655419
    ],
    "0000039.jpg": [
        1387.0951733323102,
        693.8238979446041,
        1364.3181034552995,
        753.3386650352218
    ],
    "0000040.jpg": [
        1400.3160151630661,
        694.0312345567811,
        1377.4100033308396,
        755.16222901418
    ],
    "0000041.jpg": [
        1413.2090557937843,
        694.9210795866493,
        1390.0791111895003,
        757.7080058038534
    ],
    "0000042.jpg": [
        1426.3639059565733,
        692.7866568441931,
        1402.9285862584945,
        757.284026574824
    ],
    "0000043.jpg": [
        1440.5047875618623,
        690.9609828993288,
        1416.8603004183312,
        757.2904708696101
    ],
    "0000044.jpg": [
        1456.5159017833364,
        692.2619393022569,
        1432.7850606889942,
        760.4953888204635
    ],
    "0000045.jpg": [
        1473.0859513883831,
        697.5672866071453,
        1449.2590113217314,
        767.7912963709243
    ],
    "0000046.jpg": [
        1490.1836948084513,
        699.989508830223,
        1466.2948209932274,
        772.3217384762809
    ],
    "0000047.jpg": [
        1508.6466566472536,
        697.8131479388168,
        1484.803514264984,
        772.408292751345
    ],
    "0000048.jpg": [
        1527.6566518919767,
        697.0357089958129,
        1503.9400733996108,
        774.02533143811
    ],
    "0000049.jpg": [
        1546.8996751065597,
        701.6694004525589,
        1523.4404089739426,
        781.2021201505609
    ],
    "0000050.jpg": [
        1567.5075271071134,
        706.4383258516704,
        1544.1661114675485,
        788.6157276299396
    ],
    "0000051.jpg": [
        1589.3696423819902,
        705.6284994416263,
        1566.061697743937,
        790.5821500374395
    ],
    "0000052.jpg": [
        1612.9947835657388,
        699.4664016214241,
        1589.7379223576945,
        787.3688490347901
    ],
    "0000053.jpg": [
        1638.2422298363037,
        696.6922649186104,
        1613.4568150472217,
        787.8025102510733
    ],
    "0000054.jpg": [
        1665.2494225127114,
        701.7439669664853,
        1639.0683014263896,
        796.3189912148158
    ],
    "0000055.jpg": [
        1694.3053321607442,
        711.2237655938391,
        1666.6308900093104,
        809.5009444697132
    ],
    "0000056.jpg": [
        1725.53844594771,
        716.7558939145375,
        1696.1330160509358,
        818.9718572573236
    ],
    "0000057.jpg": [
        1759.8667467157263,
        713.2354771766294,
        1728.6056589146813,
        819.6993435592648
    ],