{
    "000000.jpg": [
        984.6652821544072,
        666.2503792813441,
        1112.3178621064042,
        719.4812873850126
    ],
    "000001.jpg": [
        986.9390473118389,
        666.4201149266236,
        1116.3324258676337,
        720.5176864362344
    ],
    "000002.jpg": [
        988.3190317411293,
        666.7231071637153,
        1119.402072805767,
        721.5479220295236
    ],
    "000003.jpg": [
        989.3281393594534,
        663.642698014424,
        1122.0751409393722,
        719.1061401994397
    ],
    "000004.jpg": [
        990.7062273300821,
        661.2805328354244,
        1125.2247937855632,
        717.519155789531
    ],
    "000005.jpg": [
        991.9416151261933,
        661.8174515736583,
        1128.2932287607314,
        718.8846424414472
    ],
    "000006.jpg": [
        992.9178688198061,
        665.954491147181,
        1131.1003676602236,
        723.784851588981
    ],
    "000007.jpg": [
        993.623785887809,
        667.2506671805346,
        1133.6938207952317,
        725.8988947825496
    ],
    "000008.jpg": [
        994.787562182104,
        664.454145796609,
        1136.8658313467324,
        724.0851559324096
    ],
    "000009.jpg": [
        995.5654798741775,
        663.1846472940223,
        1139.7128246447148,
        723.8494945706993
    ],
    "0000010.jpg": [
        995.637206103003,
        667.4408440754911,
        1141.9243949691559,
        729.1969745450746
    ],
    "0000011.jpg": [
        995.9118578477313,
        670.7751951246795,
        1144.2437309496454,
        733.4067754391197
    ],
    "0000012.jpg": [
        996.1423991000862,
        667.9563917723765,
        1146.4893288172566,
        731.3725323773832
    ],
    "0000013.jpg": [
        996.694604713488,
        659.8485023603118,
        1149.1051415917814,
        724.0808898517217
    ],
    "0000014.jpg": [
        997.2688637238633,
        655.800882570253,
        1151.87601171733,
        721.0001191977551
    ],
    "0000015.jpg": [
        997.9718895550246,
        659.9277547881283,
        1154.8950293769078,
        726.2049127880973
    ],
    "0000016.jpg": [
        998.8439498114474,
        667.5956886836783,
        1158.0745769634682,
        734.8537436788562
    ],
    "0000017.jpg": [
        999.705596746748,
        670.2609954773598,
        1161.2038517170326,
        738.380119272803
    ],
    "0000018.jpg": [
        1001.2295678450043,
        664.1465772918142,
        1165.0830137277828,
        733.2249739571607
    ],
    "0000019.jpg": [
        1002.3909071425326,
        655.820188915442,
        1168.8065198363267,
        726.1478096845877
    ],
    "0000020.jpg": [
        1003.350795112808,
        653.6703864834781,
        1172.4892270798484,
        725.4120170210493
    ],
    "0000021.jpg": [
        1004.4284232154041,
        659.947105571819,
        1176.2802508236348,
        732.966912475228
    ],
    "0000022.jpg": [
        1005.6444745038712,
        667.5706045379422,
        1180.2273736478826,
        741.7964217690073
    ],
    "0000023.jpg": [
        1006.9384264455624,
        668.5984579845248,
        1184.3247072126885,
        744.0856747514607
    ],
    "0000024.jpg": [
        1008.314761964147,
        662.501292693394,
        1188.594643393698,
        739.3365871875584
    ],
    "0000025.jpg": [
        1009.4627836975433,
        657.5531630457701,
        1192.8254406364438,
        735.9522186981903
    ],
    "0000026.jpg": [
        1011.053004767468,
        659.7148544754989,
        1197.5298188081172,
        739.5696077729019
    ],
    "0000027.jpg": [
        1013.0419572078495,
        667.9988130749252,
        1202.576899263596,
        749.0588688979162
    ],
    "0000028.jpg": [
        1015.052017786861,
        674.4521939846418,
        1207.7361908273308,
        756.7587819511407
    ],
    "0000029.jpg": [
        1017.1052120053914,
        673.3377479639815,
        1213.0820392307962,
        757.0414733037803
    ],
    "0000030.jpg": [
        1019.3129652491232,
        668.4429886444229,
        1218.7614735952213,
        753.7340429408953
    ],
    "0000031.jpg": [
        1021.335420988117,
        662.7075425216694,
        1224.3570210585415,
        749.6334716442127
    ],
    "0000032.jpg": [
        1023.7768052691331,
        661.0971808878706,
        1230.4536599670835,
        749.6146867910063
    ],
    "0000033.jpg": [
        1026.1932517998596,
        662.6583999402297,
        1236.7768618162143,
        753.0197751747444
    ],
    "0000034.jpg": [
        1029.0663482162133,
        664.3036630346462,
        1243.7484281676755,
        756.6554373920437
    ],
    "0000035.jpg": [
        1031.4393107659382,
        666.396997326069,
        1250.3602542383558,
        760.8197858578454
    ],
    "0000036.jpg": [
        1033.952937579365,
        667.1109044415687,
        1257.148668895763,
        763.5001102282628
    ],
    "0000037.jpg": [
        1036.6361558738897,
        666.3317730599745,
        1264.1696056053324,
        764.6177228815784
    ],
    "0000038.jpg": [
        1039.7592740284358,
        663.0398331735248,
        1271.8127090490552,
        763.3401401923709
    ],
    "0000039.jpg": [
        1041.8311558993087,
        660.3697881428944,
        1278.6952686434836,
        762.9978610469698
    ],
    "0000040.jpg": [
        1043.5325795352046,
        660.7001219226051,
        1285.4556117425036,
        765.84986732368
    ],
    "0000041.jpg": [
        1045.3481177509739,
        664.468175995418,
        1292.3738854041987,
        771.9734918243993
    ],
    "0000042.jpg": [
        1047.2174262461963,
        669.8374037085612,
        1299.4120748954,
        779.5750130520657
    ],
    "0000043.jpg": [
        1049.0117850516194,
        671.4307868398012,
        1306.8569411277183,
        783.9891829766269
    ],
    "0000044.jpg": [
        1051.4830973393687,
        671.845116265649,
        1315.4386961319165,
        787.701833554288
    ],
    "0000045.jpg": [
        1053.4207091038966,
        671.9622908923504,
        1323.7525122528732,
        791.3176960035854
    ],
    "0000046.jpg": [
        1054.9916911909843,
        671.2149883975248,
        1331.7554434172034,
        793.9063806316238
    ],
    "0000047.jpg": [
        1056.9366473722234,
        668.1341771483023,
        1340.2032917635115,
        793.997112713286
    ],
    "0000048.jpg": [
        1059.6981705187225,
        662.021282669299,
        1349.8861762353665,
        791.4139573643838
    ],
    "0000049.jpg": [
        1062.3849234967274,
        657.4897724240681,
        1359.8453541529614,
        790.6371926987379
    ],
    "0000050.jpg": [
        1065.2972455453341,
        656.576843017381,
        1370.192183160183,
        793.3534747262685
    ],
    "0000051.jpg": [
        1067.6721276750907,
        658.3434810339473,
        1380.2581227459743,
        798.80631000864
    ],
    "0000052.jpg": [
        1071.0272327161092,
        660.156581257356,
        1391.6541524807574,
        804.4601929089563
    ],
    "0000053.jpg": [
        1074.3721460570503,
        659.2814969266232,
        1403.5663301170885,
        807.9021670586322
    ],
    "0000054.jpg": [
        1077.6150132672594,
        658.8988686939558,
        1415.8868544716554,
        812.2444480881172
    ],
    "0000055.jpg": [
        1081.2524913389257,
        660.8168211521577,
        1429.1139685996764,
        819.1911619846169
    ],
    "0000056.jpg": [
        1084.7353408400068,
        662.508956244223,
        1442.5778336827998,
        826.0876252354348
    ],
    "0000057.jpg": [
        1088.428248342684,
        661.7651675435679,
        1456.6703101473263,
        830.7760263344347
    ],