{
    "000000.jpg": [
        1072.3398258832444,
        666.8970770823007,
        1024.32531814235,
        719.4812873850126
    ],
    "000001.jpg": [
        1075.7114079589621,
        667.1455140210587,
        1027.2357780671648,
        720.5176864362344
    ],
    "000002.jpg": [
        1078.2137728705857,
        667.4557394763237,
        1029.1747794305613,
        721.5479220295236
    ],
    "000003.jpg": [
        1080.368885268875,
        664.3362529376501,
        1030.695605812782,
        719.1061401994397
    ],
    "000004.jpg": [
        1082.9175730642824,
        661.9902410722098,
        1032.6693583464662,
        717.519155789531
    ],
    "000005.jpg": [
        1085.3467141050533,
        662.560301590851,
        1034.5364237013,
        718.8846424414473
    ],
    "000006.jpg": [
        1087.5428500641347,
        666.6898221444216,
        1036.110434104028,
        723.784851588981
    ],
    "000007.jpg": [
        1089.49532595094,
        667.9942951024235,
        1037.448289032839,
        725.8988947825496
    ],
    "000008.jpg": [
        1091.9338924066808,
        665.2734122041495,
        1039.3434769087037,
        724.0851559324096
    ],
    "000009.jpg": [
        1094.012421626474,
        664.0951276212896,
        1040.8874232836633,
        723.8494945706994
    ],
    "0000010.jpg": [
        1095.4130654058702,
        668.4580666798952,
        1041.7626481584882,
        729.1969745450746
    ],
    "0000011.jpg": [
        1097.0414957829842,
        671.783123618667,
        1042.7165277416425,
        733.4067754391198
    ],
    "0000012.jpg": [
        1098.6509169007736,
        668.9053488899311,
        1043.5775489692514,
        731.3725323773831
    ],
    "0000013.jpg": [
        1100.6133098441323,
        660.7478621521216,
        1044.7845238663385,
        724.0808898517217
    ],
    "0000014.jpg": [
        1102.6322073049184,
        656.711132556936,
        1046.1094332277828,
        721.000119197755
    ],
    "0000015.jpg": [
        1104.8151260648701,
        660.887322878659,
        1047.6369034305405,
        726.2049127880973
    ],
    "0000016.jpg": [
        1107.2025582114827,
        668.541365245956,
        1049.2803116761218,
        734.8537436788562
    ],
    "0000017.jpg": [
        1109.6121295764704,
        671.121941895835,
        1050.8447314451064,
        738.3801192728031
    ],
    "0000018.jpg": [
        1112.7224810692248,
        664.9605128233593,
        1053.1345277009575,
        733.2249739571607
    ],
    "0000019.jpg": [
        1115.510393870224,
        656.7135238046706,
        1055.239845276842,
        726.1478096845876
    ],
    "0000020.jpg": [
        1118.1402942292514,
        654.7103318485485,
        1057.2547769541563,
        725.4120170210493
    ],
    "0000021.jpg": [
        1120.9312164310616,
        661.0476375989739,
        1059.3155645628383,
        732.966912475228
    ],
    "0000022.jpg": [
        1123.9101785569508,
        668.6729461963744,
        1061.4765218855302,
        741.7964217690073
    ],
    "0000023.jpg": [
        1127.0141915475924,
        669.7117424529316,
        1063.7524916359505,
        744.0856747514606
    ],
    "0000024.jpg": [
        1130.2468091075066,
        663.6543777244135,
        1066.1699477778927,
        739.3365871875583
    ],
    "0000025.jpg": [
        1133.3031291941968,
        658.8336966742547,
        1068.500212367245,
        735.9522186981903
    ],
    "0000026.jpg": [
        1136.8643246224924,
        661.0478522239987,
        1071.2214725642189,
        739.5696077729019
    ],
    "0000027.jpg": [
        1140.8824578589977,
        669.2334417193199,
        1074.204694344985,
        749.0588688979163
    ],
    "0000028.jpg": [
        1144.9838650405663,
        675.5746213490401,
        1077.2408050381064,
        756.7587819511407
    ],
    "0000029.jpg": [
        1149.1951056582739,
        674.3965459194719,
        1080.4157296822766,
        757.0414733037803
    ],
    "0000030.jpg": [
        1153.6254040841443,
        669.5116967561288,
        1083.8725078860386,
        753.7340429408953
    ],
    "0000031.jpg": [
        1157.934892484244,
        663.7879074667743,
        1087.1844010267957,
        749.6334716442127
    ],
    "0000032.jpg": [
        1162.7361994555458,
        662.1422141483986,
        1090.9106239267912,
        749.6146867910063
    ],
    "0000033.jpg": [
        1167.5922486770864,
        663.7578872511199,
        1094.7815013662223,
        753.0197751747445
    ],
    "0000034.jpg": [
        1172.992458405159,
        665.4915326749008,
        1099.213618603703,
        756.6554373920437
    ],
    "0000035.jpg": [
        1177.9709610961736,
        667.6743540132106,
        1103.2097310116917,
        760.8197858578454
    ],
    "0000036.jpg": [
        1183.1733160278868,
        668.3904497740572,
        1107.297629392533,
        763.5001102282628
    ],
    "0000037.jpg": [
        1188.6320432363223,
        667.5429114019609,
        1111.5314436764534,
        764.6177228815784
    ],
    "0000038.jpg": [
        1194.6303044035685,
        664.2026610259236,
        1116.2957293689676,
        763.340140192371
    ],
    "0000039.jpg": [
        1199.6672446220873,
        661.6042316174015,
        1120.2228242717156,
        762.9978610469698
    ],
    "0000040.jpg": [
        1204.4379375540602,
        662.0541399267612,
        1123.921024150286,
        765.84986732368
    ],
    "0000041.jpg": [
        1209.4226108259882,
        665.8045299239566,
        1127.6584932592414,
        771.9734918243994
    ],
    "0000042.jpg": [
        1214.5679858667677,
        671.032810802533,
        1131.3968008862369,
        779.5750130520657
    ],
    "0000043.jpg": [
        1219.7745459336918,
        672.7216412258405,
        1135.4379111917217,
        783.989182976627
    ],
    "0000044.jpg": [
        1225.8095734022654,
        673.4121027637202,
        1140.479754060453,
        787.701833554288
    ],
    "0000045.jpg": [
        1231.438393531171,
        673.842025539424,
        1145.138818438573,
        791.3176960035854
    ],
    "0000046.jpg": [
        1236.8324757235582,
        673.2536904863059,
        1149.3564744484486,
        793.9063806316238
    ],
    "0000047.jpg": [
        1242.7473035460769,
        670.1768237452691,
        1153.8747196651013,
        793.9971127132859
    ],
    "0000048.jpg": [
        1249.651211036401,
        664.187973475559,
        1159.479359576515,
        791.4139573643838
    ],
    "0000049.jpg": [
        1256.646417135346,
        659.8192824708964,
        1165.1996902910628,
        790.6371926987379
    ],
    "0000050.jpg": [
        1264.0330645226247,
        658.9121756832359,
        1171.1201159472278,
        793.3534747262686
    ],
    "0000051.jpg": [
        1271.0490407987265,
        660.6149819071057,
        1176.5887212154569,
        798.8063100086399
    ],
    "0000052.jpg": [
        1279.2527054429818,
        662.3212864683736,
        1183.177825523311,
        804.4601929089563
    ],
    "0000053.jpg": [
        1287.652471000784,
        661.4899844831689,
        1190.1168465515411,
        807.9021670586322
    ],
    "0000054.jpg": [
        1296.16382850783,
        661.2396430285158,
        1197.272893687213,
        812.2444480881172
    ],
    "0000055.jpg": [
        1305.3120844036935,
        663.3105516421211,
        1205.093766691467,
        819.191161984617
    ],
    "0000056.jpg": [
        1314.545957564708,
        665.0861196602962,
        1212.9304090595865,
        826.0876252354346
    ],
    "0000057.jpg": [
        1324.233308945732,
        664.3932070139406,
        1221.1894255205634,
        830.7760263344347
    ],