{
    "000000.jpg": [
        924.7859873025973,
        658.6167812355883,
        1712.6534743420052,
        993.0623398825633
    ],
    "000001.jpg": [
        845.8253397114386,
        668.2286854001619,
        1654.612782240329,
        1019.0798276126826
    ],
    "000002.jpg": [
        758.3875147059758,
        673.0444181508063,
        1590.117650000868,
        1042.1127057750716
    ],
    "000003.jpg": [
        663.2368783378336,
        669.5211364956019,
        1518.648563021985,
        1058.5324626068534
    ],
    "000004.jpg": [
        560.2257431752679,
        662.8619421524515,
        1440.3554001523316,
        1074.17769618322
    ],
    "000005.jpg": [
        447.93064334606913,
        660.4006308309022,
        1353.8352934864552,
        1096.6607395460749
    ],
    "000006.jpg": [
        324.59768996535246,
        661.5010309368223,
        1257.2109557318959,
        1125.4793942516003
    ],
    "000007.jpg": [
        189.27791867873694,
        663.2715466231277,
        1149.8060143635262,
        1158.9282135305928
    ],
    "000008.jpg": [
        41.01448130195142,
        663.5662764815189,
        1030.3396618984457,
        1195.6527829024558
    ]
}