{
    "000000.jpg": [
        950.8824538385406,
        654.1137850041721,
        972.3365909499726,
        713.9417513078162
    ],
    "000001.jpg": [
        951.8820646683217,
        651.7657752305885,
        973.5860212221455,
        712.3449417650295
    ],
    "000002.jpg": [
        952.7260935646448,
        652.3864473395397,
        974.7126356015136,
        713.7262611676069
    ],
    "000003.jpg": [
        953.3181096569367,
        656.4403998604519,
        975.5347464058922,
        718.5773241446312
    ],
    "000004.jpg": [
        953.6209414148756,
        657.7209162166002,
        976.0945944531321,
        720.660163033336
    ],
    "000005.jpg": [
        954.3574488359575,
        655.1874346481117,
        977.1896671025914,
        718.9083590905581
    ],
    "000006.jpg": [
        954.7034174777356,
        654.2401889503973,
        977.9234529739471,
        718.755009478625
    ],
    "000007.jpg": [
        954.3209721207375,
        658.8820652103424,
        977.971646206647,
        724.2030967959234
    ],
    "000008.jpg": [
        954.096593813023,
        662.0315127018091,
        978.0075867107997,
        728.2281600807502
    ],
    "000009.jpg": [
        953.8246720261848,
        658.8214654716862,
        977.9094155955123,
        725.9322187353116
    ],
    "0000010.jpg": [
        953.8702051799638,
        650.3472652111528,
        978.1345727308116,
        718.3926558739078
    ],
    "0000011.jpg": [
        953.90876632025,
        646.1697573403164,
        978.4570454013476,
        715.1508716494267
    ],
    "0000012.jpg": [
        954.0503184413251,
        650.316927881638,
        978.9628877806496,
        720.2423096245683
    ],
    "0000013.jpg": [
        954.3597894292307,
        657.756832863727,
        979.5570121380937,
        728.671387822352
    ],
    "0000014.jpg": [
        954.6642055515109,
        659.9104435222657,
        980.0354692783991,
        731.858882982242
    ],
    "0000015.jpg": [
        955.6103156630182,
        653.4299515988123,
        981.1985826263592,
        726.4142210554854
    ],
    "0000016.jpg": [
        956.1410508808744,
        645.2334327056042,
        982.1373503344047,
        719.2273087236952
    ],
    "0000017.jpg": [
        956.4456854309611,
        643.4629096126172,
        982.9651899517173,
        718.480095946119
    ],
    "0000018.jpg": [
        956.8655149143156,
        649.7770861902535,
        983.8080254089915,
        725.8809495458369
    ],
    "0000019.jpg": [
        957.4246354207348,
        657.2095993592196,
        984.7176187713334,
        734.447494680763
    ],
    "0000020.jpg": [
        958.0254211267148,
        658.08100478767,
        985.6770430159835,
        736.469171838552
    ],
    "0000021.jpg": [
        958.6949599522835,
        651.9320264246834,
        986.7317596497687,
        731.4863928212366
    ],
    "0000022.jpg": [
        959.0852681611726,
        647.2623640883189,
        987.643928967607,
        727.9874947312005
    ],
    "0000023.jpg": [
        959.9258780688838,
        649.3956861441724,
        988.9238811590639,
        731.3692867141705
    ],
    "0000024.jpg": [
        961.1589791355519,
        657.0568920708299,
        990.3959788320678,
        740.3817758055965
    ],
    "0000025.jpg": [
        962.3786732490374,
        662.8444593080555,
        991.8394743218404,
        747.5501474345227
    ],
    "0000026.jpg": [
        963.6160341910269,
        661.2530312365793,
        993.3641178563706,
        747.3459243442869
    ],
    "0000027.jpg": [
        964.9650275191468,
        656.1545529908913,
        995.1009287740391,
        743.6470489129039
    ],
    "0000028.jpg": [
        966.1020639398996,
        650.2058092913086,
        996.6330911772593,
        739.1457157214003
    ],
    "0000029.jpg": [
        967.6345308826881,
        648.1772106404486,
        998.5045500800068,
        738.6467322896898
    ],
    "0000030.jpg": [
        969.0878931948256,
        649.6614096767549,
        1000.4504781300272,
        741.6724874366289
    ],
    "0000031.jpg": [
        970.9524630806891,
        651.359107444624,
        1002.8687986284423,
        744.9431572172248
    ],
    "0000032.jpg": [
        972.2667533449139,
        653.5055922333128,
        1004.7498374006789,
        748.7090335550187
    ],
    "0000033.jpg": [
        973.7260174443126,
        653.9248251008516,
        1006.6499607727668,
        750.8337108972743
    ],
    "0000034.jpg": [
        975.3060764228317,
        652.5625633683723,
        1008.5684292533032,
        751.2652506071421
    ],
    "0000035.jpg": [
        977.2895966823171,
        648.7502956152683,
        1010.9160378519109,
        749.3004345996046
    ],
    "0000036.jpg": [
        978.1535516338806,
        645.996889174277,
        1012.3262097620373,
        748.417542510097
    ],
    "0000037.jpg": [
        978.5897021417295,
        646.4166947712218,
        1013.4074086456264,
        750.7540661754676
    ],
    "0000038.jpg": [
        979.1025234459787,
        649.7395256783022,
        1014.389111962769,
        756.1165846436015
    ],
    "0000039.jpg": [
        979.664995345085,
        654.1944819013268,
        1015.2571837962172,
        762.7232952671021
    ],
    "0000040.jpg": [
        980.0217844601283,
        655.7715960934379,
        1016.2782353834859,
        766.4151661659517
    ],
    "0000041.jpg": [
        980.9687855961128,
        656.8343328379231,
        1018.1657146986006,
        769.5985847935139
    ],
    "0000042.jpg": [
        981.311197898496,
        657.7275271339673,
        1019.5137798579186,
        772.6724546152584
    ],
    "0000043.jpg": [
        981.2506194047432,
        657.157140726017,
        1020.2469028479492,
        774.4251445667808
    ],
    "0000044.jpg": [
        981.5253386587325,
        653.6493503886765,
        1021.0932161387722,
        773.3915741062928
    ],
    "0000045.jpg": [
        982.4995194008653,
        647.5068365020828,
        1022.7939642222951,
        769.7984238486509
    ],
    "0000046.jpg": [
        983.0732454011124,
        642.9860319331447,
        1024.1997228683972,
        767.9494173144986
    ],
    "0000047.jpg": [
        983.7970735777127,
        641.4579193545643,
        1025.5629160033254,
        769.2818569986434
    ],
    "0000048.jpg": [
        983.8710101029567,
        642.324238777054,
        1026.2136522870542,
        773.1577909399616
    ],
    "0000049.jpg": [
        984.8138826769189,
        643.0725432701792,
        1027.7046614802828,
        777.030225141105
    ],
    "0000050.jpg": [
        985.6120069198461,
        641.6336906716949,
        1029.2508240112293,
        778.8021713710855
    ],
    "0000051.jpg": [
        986.1227838975693,
        640.9841031066916,
        1030.6628782299556,
        781.4590835392712
    ],
    "0000052.jpg": [
        986.8922464680672,
        642.6659358768916,
        1032.3986712410897,
        786.5982484132077
    ],
    "0000053.jpg": [
        987.3984354603992,
        643.8484010912866,
        1033.7995791451403,
        791.3967697992074
    ],
    "0000054.jpg": [
        987.9017888484373,
        642.4366600955176,
        1035.1618698911104,
        793.7612771533489
    ],
    "0000055.jpg": [
        988.3164185576942,
        640.0305309324727,
        1036.591958464854,
        795.2839452266325
    ],
    "0000056.jpg": [
        989.3170399614497,
        638.4034758388525,
        1038.716233880474,
        797.7228186011921
    ],
    "0000057.jpg": [
        990.5503030133481,
        638.8619677805477,
        1041.222839818542,
        802.4013958626848
    ],
    "0000058.jpg": [
        991.6234207950436,
        640.4863888853698,
        1043.4328659311325,
        808.438356386386
    ],