{
    "000000.jpg": [
        890.3955216835093,
        653.5647121887523,
        1030.5186320818577,
        718.3741237152295
    ],
    "000001.jpg": [
        890.5900660302997,
        651.2111910629887,
        1032.5121332758665,
        716.882522027113
    ],
    "000002.jpg": [
        890.6147870488353,
        651.796946677085,
        1034.397872583765,
        718.403099072044
    ],
    "000003.jpg": [
        890.3681967550029,
        655.8904975985077,
        1035.997526278002,
        723.320820873508
    ],
    "000004.jpg": [
        889.8114746040247,
        657.1782999010054,
        1037.3508191512935,
        725.5075382931286
    ],
    "000005.jpg": [
        889.6700325410566,
        654.5241390830539,
        1039.2547893437468,
        723.9945394788623
    ],
    "000006.jpg": [
        889.1203658276057,
        653.4307458139331,
        1040.8138107257555,
        724.1111026239314
    ],
    "000007.jpg": [
        887.8280326147253,
        657.8975682855746,
        1041.7037251751963,
        729.864692014599
    ],
    "000008.jpg": [
        886.6635371551044,
        661.0790572010209,
        1042.6037714560835,
        733.9856652992675
    ],
    "000009.jpg": [
        885.4205019884947,
        657.994569085191,
        1043.388608363624,
        731.6932476284261
    ],
    "0000010.jpg": [
        884.4674257204471,
        649.6386432379397,
        1044.515882560311,
        724.1691314663715
    ],
    "0000011.jpg": [
        883.4912447437644,
        645.4760747714272,
        1045.7602127975306,
        721.0553862273711
    ],
    "0000012.jpg": [
        882.6042300082795,
        649.5697912756689,
        1047.2101605905361,
        726.3515830322084
    ],
    "0000013.jpg": [
        881.8602603743902,
        657.0627973590707,
        1048.7724413709009,
        734.8803301433398
    ],
    "0000014.jpg": [
        881.0747516049183,
        659.3906210439756,
        1050.2425330215888,
        738.2063564873899
    ],
    "0000015.jpg": [
        880.8974825773469,
        653.0197376096792,
        1052.4186336523771,
        732.925767944421
    ],
    "0000016.jpg": [
        880.2793467583072,
        644.7122634139657,
        1054.3923756268098,
        725.9582811416303
    ],
    "0000017.jpg": [
        879.4141703880931,
        642.7267002994167,
        1056.282278060315,
        725.4543101091375
    ],
    "0000018.jpg": [
        878.6375301241835,
        648.9742380036389,
        1058.2181173127624,
        733.0782357906877
    ],
    "0000019.jpg": [
        877.9621471853341,
        656.4333071453514,
        1060.2539414405148,
        741.8645548420643
    ],
    "0000020.jpg": [
        877.2854978792351,
        657.3105413895053,
        1062.3680801181195,
        744.1235468957938
    ],
    "0000021.jpg": [
        876.632415648569,
        651.1221013377908,
        1064.6068591390915,
        739.3950972886748
    ],
    "0000022.jpg": [
        875.6667039839675,
        646.2693282130676,
        1066.734991007671,
        736.2062771185663
    ],
    "0000023.jpg": [
        875.1142690820279,
        648.358361976129,
        1069.2717329221398,
        739.8672434519376
    ],
    "0000024.jpg": [
        874.9060361926998,
        656.2347355751136,
        1072.0468031986304,
        749.0842779411853
    ],
    "0000025.jpg": [
        874.6295221599185,
        662.2428420409401,
        1074.8366580569464,
        756.5082440888252
    ],
    "0000026.jpg": [
        874.3125927670889,
        660.7807169315072,
        1077.7463070877577,
        756.5987453892432
    ],
    "0000027.jpg": [
        874.0572994676077,
        655.6943863057928,
        1080.9065094414934,
        753.2293954978347
    ],
    "0000028.jpg": [
        873.5375004755566,
        649.7657895226927,
        1083.9029357789466,
        749.065712579157
    ],
    "0000029.jpg": [
        873.3596331878549,
        647.8554352636775,
        1087.2898625320115,
        748.8903331972448
    ],
    "0000030.jpg": [
        873.0543935567671,
        649.3029624021534,
        1090.8011168880396,
        752.2956972785003
    ],
    "0000031.jpg": [
        873.0978957689966,
        650.8999413716275,
        1094.8407446817962,
        755.9865194872184
    ],
    "0000032.jpg": [
        872.5228173717543,
        652.9385172138295,
        1098.3979140265246,
        760.2023511262691
    ],
    "0000033.jpg": [
        872.0166553419897,
        653.4007070168568,
        1102.0303105120151,
        762.7655570161182
    ],
    "0000034.jpg": [
        871.550162860545,
        652.2089383862615,
        1105.741109952197,
        763.6274003102661
    ],
    "0000035.jpg": [
        871.4053761502772,
        648.5399936569305,
        1109.944687813316,
        762.1214770128789
    ],
    "0000036.jpg": [
        870.0701887581508,
        645.743287444704,
        1113.2682747477832,
        761.7604277873802
    ],
    "0000037.jpg": [
        868.2328528065733,
        646.039874570789,
        1116.3297609287754,
        764.6707587311985
    ],
    "0000038.jpg": [
        866.3808430394424,
        649.4692167648961,
        1119.366551884328,
        770.5910268814047
    ],
    "0000039.jpg": [
        864.4769114428038,
        654.1944819013268,
        1122.3684118945318,
        777.7550648210947
    ],
    "0000040.jpg": [
        862.2787819889177,
        655.6991185652577,
        1125.5957062266796,
        782.1446226525973
    ],
    "0000041.jpg": [
        860.5791468623831,
        656.3621068950545,
        1129.7736344443658,
        786.1345294301377
    ],
    "0000042.jpg": [
        858.1640357581509,
        656.7939209788285,
        1133.4961162047045,
        790.0806367002118
    ],
    "0000043.jpg": [
        855.2091767176812,
        656.0161355724529,
        1136.6953619127514,
        792.70077190777
    ],
    "0000044.jpg": [
        852.4439340538777,
        652.5629053565914,
        1140.1056191640143,
        792.5238898754765
    ],
    "0000045.jpg": [
        850.2421451353741,
        646.3165937334473,
        1144.4763931988427,
        789.8580429920048
    ],
    "0000046.jpg": [
        847.5083273656652,
        641.6665070804518,
        1148.6576873871966,
        788.9837750553601
    ],
    "0000047.jpg": [
        844.7681958548121,
        640.2826672422656,
        1152.9183137120656,
        791.2883618935552
    ],
    "0000048.jpg": [
        841.2201929648783,
        641.417567430073,
        1156.5838519231424,
        796.1783505251523
    ],
    "0000049.jpg": [
        838.3716167005423,
        642.4828210003316,
        1161.2221069643288,
        801.1468469655332
    ],
    "0000050.jpg": [
        835.1989239474228,
        641.1563710479197,
        1166.0450591224262,
        804.1278053577887
    ],
    "0000051.jpg": [
        831.5573306138184,
        640.4854947118823,
        1170.8718746549025,
        808.1206868963793
    ],
    "0000052.jpg": [
        827.9745914598069,
        642.1331230184458,
        1176.1837372966029,
        814.6996045996071
    ],
    "0000053.jpg": [
        823.8936205677107,
        643.3788557185878,
        1181.3212941441182,
        821.0444487199114
    ],
    "0000054.jpg": [
        819.5665160300298,
        642.0931219064707,
        1186.578203154534,
        825.0586920865145
    ],
    "0000055.jpg": [
        814.9059478601793,
        639.692799383074,
        1192.0743756002296,
        828.3660634503191
    ],
    "0000056.jpg": [
        810.5947926221934,
        637.991955735507,
        1198.4434035247618,
        832.7490743414205
    ],
    "0000057.jpg": [
        806.2679897674448,
        638.2638464579151,
        1205.3859009894009,
        839.5418164685659
    ],
    "0000058.jpg": [
        801.4979212168709,
        639.8803136695452,
        1212.2200757010835,
        847.8442522443381
    ],