{
    "000000.jpg": [
        1156.248576698922,
        659.3156903566125,
        1312.7323980492497,
        727.816486157311
    ],
    "000001.jpg": [
        1158.0971336404011,
        670.3823313415093,
        1316.738598756701,
        739.6996471200757
    ],
    "000002.jpg": [
        1158.6747451519038,
        674.2214840429342,
        1319.5263740705134,
        744.5078088556174
    ],
    "000003.jpg": [
        1157.7556056663896,
        667.6874550030544,
        1320.781471457372,
        738.9459343100799
    ],
    "000004.jpg": [
        1157.1081649236623,
        661.0364203736885,
        1322.2983001103848,
        733.1413229853447
    ],
    "000005.jpg": [
        1155.4239663203389,
        659.0030378623885,
        1322.8789378152974,
        732.0959761596321
    ],
    "000006.jpg": [
        1152.9750175426834,
        661.3048867440102,
        1322.7253799161222,
        735.3497478937795
    ],
    "000007.jpg": [
        1150.0916246794175,
        663.7303946217231,
        1322.203732750404,
        738.7960336124737
    ],
    "000008.jpg": [
        1147.563493634424,
        663.0404688066026,
        1322.1142538541155,
        739.2000544228864
    ],
    "000009.jpg": [
        1146.2659724105101,
        659.5793794771641,
        1323.3321107646975,
        736.8493167236824
    ],
    "0000010.jpg": [
        1145.7534055207286,
        656.3197229690206,
        1325.5008210819306,
        734.8855129067383
    ],
    "0000011.jpg": [
        1146.3877899234994,
        656.6647516372764,
        1328.9061415486435,
        736.4767457343005
    ],
    "0000012.jpg": [
        1147.7649040695028,
        658.3673794623211,
        1333.1324586491373,
        739.3862975113826
    ],
    "0000013.jpg": [
        1150.084683569236,
        660.5619563352916,
        1338.3662609970338,
        742.711285647746
    ],
    "0000014.jpg": [
        1153.247587606518,
        661.32176272169,
        1344.6018139984646,
        744.7446414236244
    ],
    "0000015.jpg": [
        1156.9691547525254,
        660.7900831895705,
        1351.495291359573,
        745.4957062083835
    ],
    "0000016.jpg": [
        1160.9479756963674,
        660.429991602865,
        1358.8025423589606,
        746.5516141010212
    ],
    "0000017.jpg": [
        1164.9357832446358,
        662.765929709612,
        1366.1968462938523,
        750.2293005598058
    ],
    "0000018.jpg": [
        1169.2349577508733,
        666.4077946200911,
        1374.0695703916933,
        755.3197154467118
    ],
    "0000019.jpg": [
        1174.218730427377,
        668.6283319740693,
        1382.830314824494,
        759.1748490655244
    ],
    "0000020.jpg": [
        1179.5676835826691,
        666.8931213315523,
        1392.064138896756,
        759.0893120595862
    ],
    "0000021.jpg": [
        1185.455767835514,
        662.0614702900166,
        1401.9966099075268,
        756.0049638174747
    ],
    "0000022.jpg": [
        1192.5885264909743,
        658.2842758332444,
        1413.3478513049256,
        753.9702651338644
    ],
    "0000023.jpg": [
        1200.7779982274508,
        656.5657671538078,
        1425.984081952425,
        754.0893033695173
    ],
    "0000024.jpg": [
        1209.1910989715343,
        657.2164433732581,
        1439.0976739112891,
        756.7557675117678
    ],
    "0000025.jpg": [
        1217.135678536916,
        658.684501972059,
        1451.792855921922,
        760.040283352709
    ],
    "0000026.jpg": [
        1224.3469887362896,
        660.404895255175,
        1463.8510414896837,
        763.4930158670046
    ],
    "0000027.jpg": [
        1231.7015402732804,
        660.8542013586584,
        1476.336245140477,
        765.9390095779868
    ],
    "0000028.jpg": [
        1239.0255229851875,
        659.1237489771659,
        1489.0556118012667,
        766.4386312554167
    ],
    "0000029.jpg": [
        1246.3481753425433,
        655.6564876503668,
        1502.039717506912,
        765.4052487188825
    ],
    "0000030.jpg": [
        1252.5853700713292,
        653.4455348803109,
        1514.0069374449927,
        765.441868797006
    ],
    "0000031.jpg": [
        1257.4479617356246,
        655.4523616854899,
        1524.7658216776358,
        769.6680222809129
    ],
    "0000032.jpg": [
        1261.5320239578716,
        660.6928507194103,
        1534.9651360507185,
        777.1503499284381
    ],
    "0000033.jpg": [
        1264.366283292021,
        664.1259724752929,
        1544.1405912729854,
        782.9900046296171
    ],
    "0000034.jpg": [
        1266.969585159289,
        662.6086152312242,
        1553.5538451829436,
        784.494341914973
    ],
    "0000035.jpg": [
        1269.6064990610248,
        658.4802419132122,
        1563.2852435609034,
        783.4799563460336
    ],
    "0000036.jpg": [
        1272.148707190026,
        655.7858059543663,
        1573.2063906003796,
        783.8515581115419
    ],
    "0000037.jpg": [
        1275.040102541684,
        656.25059723733,
        1583.9064174137127,
        787.4796564361939
    ],
    "0000038.jpg": [
        1278.6670723495247,
        656.0396298831713,
        1595.7872230472997,
        790.5355429527065
    ],
    "0000039.jpg": [
        1283.020229190964,
        654.1707207585292,
        1609.0079706222634,
        792.3366182365461
    ],
    "0000040.jpg": [
        1287.9261371477915,
        652.9813683049587,
        1623.4234842484855,
        795.1415408798597
    ],
    "0000041.jpg": [
        1294.0419862639956,
        653.7455265917569,
        1639.6837469998584,
        799.9659940412726
    ],
    "0000042.jpg": [
        1301.3421747985085,
        657.4849634904206,
        1657.943289769303,
        808.0347336116039
    ],
    "0000043.jpg": [
        1310.020035240752,
        660.2156823130318,
        1678.493438531005,
        815.5116087447731
    ],
    "0000044.jpg": [
        1319.8767651641467,
        660.6418189739582,
        1701.3520594455588,
        821.4720403950785
    ],
    "0000045.jpg": [
        1330.7533205257503,
        660.0417338601756,
        1726.4022833275862,
        827.098475610092
    ],
    "0000046.jpg": [
        1342.9221704231643,
        660.0623019949488,
        1753.7255869096143,
        833.3075922525786
    ],
    "0000047.jpg": [
        1357.1191877120457,
        661.9004759109347,
        1784.3288841034773,
        841.4232757869887
    ],
    "0000048.jpg": [
        1372.0944084685527,
        660.7784973838038,
        1817.1396804353053,
        847.2172157973076
    ],
    "0000049.jpg": [
        1388.808350329278,
        654.779984694325,
        1853.549744622053,
        849.2199243976679
    ],
    "0000050.jpg": [
        1406.6091219448726,
        646.7739716551147,
        1892.979985903268,
        850.1438761157061
    ],
    "0000051.jpg": [
        5.215695719599581,
        629.8610404848067,
        737.0207327401558,
        977.2139196925234
    ],
    "0000052.jpg": [
        64.60142717847586,
        626.401703786747,
        822.0545112870334,
        993.0851028945762
    ],
    "0000053.jpg": [
        129.50515692281328,
        625.220895507944,
        914.4194085924903,
        1014.3089153504712
    ],
    "0000054.jpg": [
        201.46869025330932,
        627.1503374963584,
        1015.4608989384608,
        1041.7022022588449
    ],
    "0000055.jpg": [
        281.3678307010086,
        626.013582584054,
        1126.091648908668,
        1068.9649827707756
    ],
    "0000056.jpg": [
        371.46148976235554,
        619.5569161731029,
        1248.6243214252486,
        1095.268354790498
    ],
    "0000057.jpg": [
        472.48527065871724,
        613.3909851875878,
        1384.1417281793556,
        1126.9748534985372
    ],