{
    "000000.jpg": [
        1300.7500175362143,
        659.4895677832656,
        1163.4918875817052,
        727.8164861573109
    ],
    "000001.jpg": [
        1304.4309543744905,
        670.5554631116988,
        1165.516885753655,
        739.6996471200757
    ],
    "000002.jpg": [
        1306.8595989844462,
        674.4021761157155,
        1166.317412355632,
        744.5078088556176
    ],
    "000003.jpg": [
        1307.8083768328502,
        667.8766450187196,
        1165.590751933979,
        738.9459343100799
    ],
    "000004.jpg": [
        1309.0774713535347,
        661.2249458721811,
        1165.074046429714,
        733.1413229853446
    ],
    "000005.jpg": [
        1309.32381188719,
        659.2032367752353,
        1163.5922376576546,
        732.0959761596321
    ],
    "000006.jpg": [
        1308.8305623990232,
        661.5120749480458,
        1161.3365006208062,
        735.3497478937795
    ],
    "000007.jpg": [
        1307.9388118225086,
        663.9473873109225,
        1158.6714565427678,
        738.7960336124737
    ],
    "000008.jpg": [
        1307.4640593832376,
        663.2719190847951,
        1156.3785104192423,
        739.2000544228864
    ],
    "000009.jpg": [
        1308.303632536553,
        659.8248221636202,
        1155.3090046893044,
        736.8493167236825
    ],
    "0000010.jpg": [
        1310.0081001813448,
        656.5945399532803,
        1155.100814041944,
        734.8855129067384
    ],
    "0000011.jpg": [
        1312.9486038483215,
        656.961217439204,
        1156.0207196999236,
        736.4767457343005
    ],
    "0000012.jpg": [
        1316.7164076770782,
        658.6794067206886,
        1157.6637825974265,
        739.3862975113826
    ],
    "0000013.jpg": [
        1321.5190201546718,
        660.8780085294328,
        1160.2108643908787,
        742.711285647746
    ],
    "0000014.jpg": [
        1327.2624135044102,
        661.6513454660326,
        1163.6546123037454,
        744.7446414236243
    ],
    "0000015.jpg": [
        1333.6614198403784,
        661.1292997235415,
        1167.6526298618573,
        745.4957062083832
    ],
    "0000016.jpg": [
        1340.4080076304763,
        660.788757759285,
        1171.9615847984408,
        746.5516141010213
    ],
    "0000017.jpg": [
        1347.250023312292,
        663.1320844832273,
        1176.2510310564278,
        750.2293005598059
    ],
    "0000018.jpg": [
        1354.5049637157153,
        666.7852822695925,
        1180.8985021671497,
        755.3197154467118
    ],
    "0000019.jpg": [
        1362.564428403497,
        669.0271922415429,
        1186.3028228796175,
        759.1748490655244
    ],
    "0000020.jpg": [
        1371.1087295918985,
        667.3124726846709,
        1192.0606701628067,
        759.0893120595861
    ],
    "0000021.jpg": [
        1380.3218344529112,
        662.5069253056181,
        1198.3835426781739,
        756.0049638174747
    ],
    "0000022.jpg": [
        1390.9340037999787,
        658.7536384916332,
        1205.9475822007744,
        753.9702651338644
    ],
    "0000023.jpg": [
        1402.7529030459632,
        657.0655265818679,
        1214.6171287968211,
        754.0893033695173
    ],
    "0000024.jpg": [
        1414.9284639124364,
        657.7576893702657,
        1223.5994591904323,
        756.7557675117678
    ],
    "0000025.jpg": [
        1426.7513420233654,
        659.2399994579959,
        1232.027522749286,
        760.040283352709
    ],
    "0000026.jpg": [
        1437.9562178131312,
        660.954467954235,
        1239.6845733676726,
        763.4930158670047
    ],
    "0000027.jpg": [
        1449.4577595854125,
        661.4205793004628,
        1247.5949590044559,
        765.9390095779868
    ],
    "0000028.jpg": [
        1461.087325212838,
        659.7266387221666,
        1255.5652062812887,
        766.4386312554167
    ],
    "0000029.jpg": [
        1472.88364219464,
        656.3144105298286,
        1263.613228521182,
        765.4052487188824
    ],
    "0000030.jpg": [
        1483.7158277650674,
        654.1277819719053,
        1270.4972263708075,
        765.441868797006
    ],
    "0000031.jpg": [
        1493.2801789856453,
        656.1482387248866,
        1276.0189759555433,
        769.668022280913
    ],
    "0000032.jpg": [
        1502.2055539091425,
        661.390177876812,
        1280.793233889218,
        777.150349928438
    ],
    "0000033.jpg": [
        1510.029187877912,
        664.8257204014034,
        1284.3758208755328,
        782.9900046296171
    ],
    "0000034.jpg": [
        1517.8452285279182,
        663.3759888395659,
        1287.9587050633563,
        784.4943419149729
    ],
    "0000035.jpg": [
        1525.9396747394771,
        659.3198469555606,
        1291.5908468845494,
        783.4799563460336
    ],
    "0000036.jpg": [
        1534.1902579777707,
        656.6755705181134,
        1295.1091856112423,
        783.8515581115417
    ],
    "0000037.jpg": [
        1543.0778752747108,
        657.1824925802139,
        1299.0410511704124,
        787.4796564361937
    ],
    "0000038.jpg": [
        1553.052432671586,
        657.0075061340882,
        1303.7431727114342,
        790.5355429527065
    ],
    "0000039.jpg": [
        1564.1393454524737,
        655.2063587592221,
        1309.3363951301358,
        792.3366182365461
    ],
    "0000040.jpg": [
        1576.1827537784734,
        654.1093142412029,
        1315.6316666260195,
        795.1415408798597
    ],
    "0000041.jpg": [
        1589.9143300393998,
        654.9199606143767,
        1323.1848786852229,
        799.9659940412726
    ],
    "0000042.jpg": [
        1605.3470994687357,
        658.6958476533172,
        1332.080594255883,
        808.0347336116038
    ],
    "0000043.jpg": [
        1622.7561167623714,
        661.4798782518335,
        1342.5448090909008,
        815.5116087447731
    ],
    "0000044.jpg": [
        1641.989952099538,
        662.0313879788007,
        1354.540490593084,
        821.4720403950784
    ],
    "0000045.jpg": [
        1662.9316323573353,
        661.6135669036938,
        1367.880931530282,
        827.0984756100919
    ],
    "0000046.jpg": [
        1685.9314242206235,
        661.746728022382,
        1382.54430897406,
        833.3075922525785
    ],
    "0000047.jpg": [
        1711.850257518058,
        663.6212316854466,
        1399.3579519215295,
        841.4232757869887
    ],
    "0000048.jpg": [
        1739.4632572508146,
        662.5527899311594,
        1417.2589718982551,
        847.2172157973076
    ],
    "0000049.jpg": [
        1769.927009683071,
        656.7250344420629,
        1437.4091647778662,
        849.2199243976678
    ],
    "0000050.jpg": [
        1802.6163025764272,
        648.9774348505221,
        1459.1416521806627,
        850.143876115706
    ],
    "0000051.jpg": [
        570.1919169237295,
        632.4077698490578,
        151.2399260605797,
        977.2139196925235
    ],
    "0000052.jpg": [
        641.1259160125343,
        629.0885205635511,
        226.13032972157063,
        993.0851028945762
    ],
    "0000053.jpg": [
        717.2078050397871,
        628.3046685643654,
        309.5015632694738,
        1014.3089153504712
    ],
    "0000054.jpg": [
        799.6077758384791,
        630.7571880744458,
        403.2509030870105,
        1041.7022022588449
    ],
    "0000055.jpg": [
        889.0821054071916,
        630.0325242615708,
        509.0786025585344,
        1068.9649827707758
    ],
    "0000056.jpg": [
        987.3211157206745,
        624.6141172039809,
        630.5771104726763,
        1095.268354790498
    ],
    "0000057.jpg": [
        1094.332742708628,
        619.530109059542,
        770.3559745906756,
        1126.9748534985372
    ],