{
    "000000.jpg": [
        1236.4081324208123,
        673.9576618570766,
        1111.2339163774188,
        723.1309355527785
    ],
    "000001.jpg": [
        1241.4243341354368,
        672.7175510317632,
        1114.8713339514936,
        722.5092331611809
    ],
    "000002.jpg": [
        1246.2967214996854,
        669.9081217508326,
        1118.3576706869744,
        720.3921190250328
    ],
    "000003.jpg": [
        1249.8801896905902,
        668.0719959645111,
        1120.487181796299,
        719.1140079263884
    ],
    "000004.jpg": [
        1251.9349990577227,
        670.3572804346533,
        1121.0611033296461,
        721.9072783480535
    ],
    "000005.jpg": [
        1253.0575118204995,
        675.7687864129963,
        1120.6748720487758,
        727.8032054244142
    ],
    "000006.jpg": [
        1252.7593678767405,
        679.3860949768091,
        1118.8602243072075,
        731.9556404180938
    ],
    "000007.jpg": [
        1252.1815037748645,
        678.6249266161573,
        1116.8187579514577,
        732.0010382464942
    ],
    "000008.jpg": [
        1251.4213345653377,
        675.2845650801277,
        1114.5406261319067,
        729.4588393901518
    ],
    "000009.jpg": [
        1250.343621134618,
        673.1800877330492,
        1111.8658717950987,
        728.070338221547
    ],
    "0000010.jpg": [
        1249.37572754984,
        674.1635370429553,
        1109.2415789186487,
        729.7560269685264
    ],
    "0000011.jpg": [
        1248.8792115492017,
        674.4162752084441,
        1107.011913647403,
        730.6928280662621
    ],
    "0000012.jpg": [
        1248.8451414988494,
        673.2704355511265,
        1105.2154047581018,
        730.3523244529323
    ],
    "0000013.jpg": [
        1249.0886856205293,
        672.9964966866888,
        1103.6506409892584,
        730.9539318253998
    ],
    "0000014.jpg": [
        1250.0905282125461,
        674.1522890338574,
        1102.7347077768388,
        732.9214325187938
    ],
    "0000015.jpg": [
        1251.869127754842,
        678.1950384413149,
        1102.5183576111374,
        737.8002807544751
    ],
    "0000016.jpg": [
        1254.571826656459,
        681.3537557911825,
        1103.1547840699282,
        741.8732240356145
    ],
    "0000017.jpg": [
        1257.9804466806816,
        682.7514096305757,
        1104.4821187994,
        744.41429638779
    ],
    "0000018.jpg": [
        1261.8929128551008,
        683.5259571126217,
        1106.273990603844,
        746.4947477641648
    ],
    "0000019.jpg": [
        1266.2814139846953,
        684.3537668303263,
        1108.3673407386443,
        748.4508723609692
    ],
    "0000020.jpg": [
        1271.780984134575,
        686.4086810848222,
        1111.4035882024343,
        751.5005420441412
    ],
    "0000021.jpg": [
        1277.2036607919747,
        685.6140258094227,
        1114.2826633655015,
        751.7871160256007
    ],
    "0000022.jpg": [
        1283.4030228723714,
        680.7515237471972,
        1117.894771206715,
        748.2342486148667
    ],
    "0000023.jpg": [
        1289.5685827704228,
        674.4309926299885,
        1121.405340796073,
        743.35086463508
    ],
    "0000024.jpg": [
        1296.3937176362156,
        672.4794264975347,
        1125.3259828956304,
        742.5236166636703
    ],
    "0000025.jpg": [
        1303.4753343924483,
        676.1717606170059,
        1129.4614656710573,
        747.5308043360021
    ],
    "0000026.jpg": [
        1311.0296856981279,
        684.3825508384826,
        1134.038113204423,
        757.3346592204123
    ],
    "0000027.jpg": [
        1319.394139335951,
        688.3235623164957,
        1139.1597182966973,
        762.6240969250753
    ],
    "0000028.jpg": [
        1326.6336897469566,
        684.6003200019118,
        1143.131963075608,
        760.5406185896474
    ],
    "0000029.jpg": [
        1335.0672249459226,
        676.8940372754275,
        1148.214230339293,
        754.7520481737585
    ],
    "0000030.jpg": [
        1345.1309112740346,
        671.7908227409974,
        1154.7840142264865,
        751.692411065178
    ],
    "0000031.jpg": [
        1355.2680311374472,
        671.7024290805746,
        1161.29408810299,
        753.6850895573328
    ],
    "0000032.jpg": [
        1364.857573066272,
        672.1920838428692,
        1166.991701589303,
        755.9848708913894
    ],
    "0000033.jpg": [
        1374.4554812429556,
        669.5839734634651,
        1172.44830863748,
        755.0263508514628
    ],
    "0000034.jpg": [
        1384.75213129486,
        667.3436740260012,
        1178.5605659370724,
        754.7800239167892
    ],
    "0000035.jpg": [
        1395.2447597345404,
        667.8866923338427,
        1184.774787836162,
        757.4804511235974
    ],
    "0000036.jpg": [
        1405.891575835446,
        672.3188641477996,
        1190.9245435402229,
        763.9687587836106
    ],
    "0000037.jpg": [
        1416.6471882633255,
        673.8313634809355,
        1197.0339627853061,
        767.7118451779479
    ],
    "0000038.jpg": [
        1428.3028115590078,
        670.8151371849481,
        1203.9606461952803,
        767.3677844664987
    ],
    "0000039.jpg": [
        1439.9991512379072,
        669.2016553738985,
        1210.8000783015482,
        768.6105475280388
    ],
    "0000040.jpg": [
        1451.3827496875704,
        673.0001602453447,
        1217.2271672835025,
        775.4723450206725
    ],
    "0000041.jpg": [
        1463.5199271869756,
        676.6001326004131,
        1223.946303871447,
        781.692218545994
    ],
    "0000042.jpg": [
        1476.239038428338,
        674.418675592873,
        1230.8768193663468,
        781.9891318615463
    ],
    "0000043.jpg": [
        1489.935746758922,
        666.8514630836306,
        1238.4999543254646,
        777.0569841552501
    ],
    "0000044.jpg": [
        1504.2199635783084,
        662.8640872794412,
        1246.6128625462322,
        776.1606663074068
    ],
    "0000045.jpg": [
        1519.2710906758823,
        666.7477905134588,
        1255.3805313114121,
        783.5149988419844
    ],
    "0000046.jpg": [
        1535.2547693729916,
        674.7239138541578,
        1264.6928962806037,
        794.8338082400753
    ],
    "0000047.jpg": [
        1552.1376399994629,
        678.3300349880438,
        1274.3930723001843,
        801.6024154378262
    ],
    "0000048.jpg": [
        1570.6560636891084,
        672.8723373995344,
        1285.3458865444597,
        799.6893985334448
    ],
    "0000049.jpg": [
        1589.63227704847,
        664.1290238596555,
        1296.6711621488657,
        795.386057351167
    ],
    "0000050.jpg": [
        1609.3150147652354,
        660.8822723975122,
        1308.550908666552,
        797.191454683838
    ],
    "0000051.jpg": [
        1630.3039740194467,
        666.819735163276,
        1321.2401100743211,
        808.0335834796648
    ],
    "0000052.jpg": [
        1652.7617869279675,
        674.7050215737362,
        1334.8240009693159,
        820.8549755090938
    ],
    "0000053.jpg": [
        1676.71910072782,
        675.9656055201422,
        1349.3436454448856,
        827.4477526492059
    ],
    "0000054.jpg": [
        1702.3565962747243,
        669.8230227226915,
        1364.969436657194,
        827.1523504053758
    ],
    "0000055.jpg": [
        1729.3631451069218,
        663.9911744084638,
        1381.6503074739926,
        828.0947164704594
    ],
    "0000056.jpg": [
        1758.7330949142665,
        665.9430497444167,
        1399.957204873222,
        836.8936186317999
    ],
    "0000057.jpg": [
        1790.8270080901652,
        675.6052209081832,
        1420.0150409412338,
        853.1033758196019
    ],