{
    "000000.jpg": [
        1104.8051956689865,
        673.9576618570766,
        1246.529929571389,
        723.1309355527785
    ],
    "000001.jpg": [
        1108.2996092955009,
        672.7175510317632,
        1251.7746063636225,
        722.5092331611808
    ],
    "000002.jpg": [
        1111.6173962887422,
        669.9081217508327,
        1256.9016751348088,
        720.3921190250327
    ],
    "000003.jpg": [
        1113.6293185515458,
        668.0719959645111,
        1260.691619983793,
        719.1140079263884
    ],
    "000004.jpg": [
        1114.1002309620562,
        670.3572804346533,
        1262.946376748275,
        721.9072783480534
    ],
    "000005.jpg": [
        1113.6172234112,
        675.7687864129963,
        1264.2700782899778,
        727.803205424414
    ],
    "000006.jpg": [
        1111.6933615484386,
        679.3860949768091,
        1264.1850757663174,
        731.9556404180938
    ],
    "000007.jpg": [
        1109.4501813518868,
        678.6249266161573,
        1263.909918496603,
        732.0010382464942
    ],
    "000008.jpg": [
        1106.9801242581896,
        675.2845650801277,
        1263.4419418236805,
        729.4588393901519
    ],
    "000009.jpg": [
        1104.1463222798172,
        673.1800877330492,
        1262.629268663636,
        728.070338221547
    ],
    "0000010.jpg": [
        1101.3671973002583,
        674.1635370429552,
        1261.9325184461904,
        729.7560269685264
    ],
    "0000011.jpg": [
        1098.9947234683343,
        674.4162752084441,
        1261.6993821494216,
        730.6928280662621
    ],
    "0000012.jpg": [
        1097.0148331130927,
        673.2704355511265,
        1261.9730121267946,
        730.3523244529323
    ],
    "0000013.jpg": [
        1095.2423790425805,
        672.9964966866887,
        1262.5568068647904,
        730.9539318253999
    ],
    "0000014.jpg": [
        1094.1456791711505,
        674.1522890338574,
        1263.8820866017395,
        732.921432518794
    ],
    "0000015.jpg": [
        1093.7393264904633,
        678.1950384413149,
        1266.0075728932654,
        737.800280754475
    ],
    "0000016.jpg": [
        1094.1614719066745,
        681.3537557911825,
        1269.0890933759292,
        741.8732240356145
    ],
    "0000017.jpg": [
        1095.1937105917798,
        682.7514096305756,
        1272.9636478975713,
        744.41429638779
    ],
    "0000018.jpg": [
        1096.634072449704,
        683.5259571126217,
        1277.4072099328698,
        746.4947477641648
    ],
    "0000019.jpg": [
        1098.4462817819945,
        684.3537668303262,
        1282.2664326218908,
        748.4508723609692
    ],
    "0000020.jpg": [
        1101.2526221342682,
        686.4086810848222,
        1288.1998946138517,
        751.500542044141
    ],
    "0000021.jpg": [
        1103.8785207164608,
        685.6140258094227,
        1294.0838411081845,
        751.7871160256007
    ],
    "0000022.jpg": [
        1107.1569525217108,
        680.7515237471971,
        1300.8282960986962,
        748.2342486148666
    ],
    "0000023.jpg": [
        1110.2890167704638,
        674.4309926299886,
        1307.5921605257595,
        743.3508646350799
    ],
    "0000024.jpg": [
        1113.9467420205901,
        672.4794264975347,
        1314.924802638582,
        742.5236166636703
    ],
    "0000025.jpg": [
        1117.7367706574132,
        676.171760617006,
        1322.6286483503382,
        747.5308043360022
    ],
    "0000026.jpg": [
        1121.8576889421133,
        684.3825508384828,
        1330.9478846528505,
        757.3346592204123
    ],
    "0000027.jpg": [
        1126.6264436392917,
        688.3235623164957,
        1339.9799301757098,
        762.6240969250753
    ],
    "0000028.jpg": [
        1130.1523140050933,
        684.600320001912,
        1347.972823258968,
        760.5406185896474
    ],
    "0000029.jpg": [
        1134.6894271122112,
        676.8940372754275,
        1357.2683508657328,
        754.7520481737586
    ],
    "0000030.jpg": [
        1140.6564663837771,
        671.7908227409976,
        1368.285582877491,
        751.692411065178
    ],
    "0000031.jpg": [
        1146.5344535978911,
        671.7024290805746,
        1379.4462670032535,
        753.685089557333
    ],
    "0000032.jpg": [
        1151.7057691101988,
        672.1920838428692,
        1389.976414551004,
        755.9848708913895
    ],
    "0000033.jpg": [
        1156.705434250708,
        669.5839734634651,
        1400.457290480038,
        755.0263508514628
    ],
    "0000034.jpg": [
        1162.2206559499157,
        667.3436740260013,
        1411.8082619308652,
        754.7800239167892
    ],
    "0000035.jpg": [
        1167.7599887366573,
        667.8866923338427,
        1423.4741096942357,
        757.4804511235975
    ],
    "0000036.jpg": [
        1173.2593149087265,
        672.3188641477996,
        1435.3182236038633,
        763.9687587836106
    ],
    "0000037.jpg": [
        1178.6569605521233,
        673.8313634809355,
        1447.3550057872337,
        767.7118451779479
    ],
    "0000038.jpg": [
        1184.7062806494966,
        670.8151371849482,
        1460.4787337989596,
        767.3677844664987
    ],
    "0000039.jpg": [
        1190.581846011044,
        669.1798710946587,
        1473.7762740005776,
        768.6105475280388
    ],
    "0000040.jpg": [
        1195.9362025346288,
        672.9126978341766,
        1486.942055075623,
        775.4723450206725
    ],
    "0000041.jpg": [
        1201.7544662693672,
        676.5363911362651,
        1500.7347487555103,
        781.692218545994
    ],
    "0000042.jpg": [
        1207.852646440063,
        674.4186755928731,
        1515.0575888590936,
        781.9891318615463
    ],
    "0000043.jpg": [
        1214.5901783890406,
        666.8514630836307,
        1530.4372237490868,
        777.0569841552501
    ],
    "0000044.jpg": [
        1221.6006717877444,
        662.8640872794412,
        1546.7105503789337,
        776.1606663074069
    ],
    "0000045.jpg": [
        1229.049126763056,
        666.7477905134589,
        1564.098275471905,
        783.5149988419845
    ],
    "0000046.jpg": [
        1237.054794789739,
        674.7239138541578,
        1582.5157920303227,
        794.8338082400753
    ],
    "0000047.jpg": [
        1245.525281413573,
        678.330034988044,
        1601.8089990816234,
        801.6024154378262
    ],
    "0000048.jpg": [
        1255.1144780485486,
        672.8723373995343,
        1622.9060305181765,
        799.6893985334447
    ],
    "0000049.jpg": [
        1264.6929082208,
        664.1290238596555,
        1644.9297891730616,
        795.386057351167
    ],
    "0000050.jpg": [
        1274.483473077779,
        660.8822723975121,
        1668.1816656646736,
        797.191454683838
    ],
    "0000051.jpg": [
        1285.0290158251912,
        666.8008973311104,
        1693.0200608175996,
        808.0335834796648
    ],
    "0000052.jpg": [
        1296.3883112104688,
        674.7050215737363,
        1719.5944572409421,
        820.8549755090938
    ],
    "0000053.jpg": [
        1308.5055494896435,
        675.9656055201422,
        1747.9654500370007,
        827.4477526492058
    ],
    "0000054.jpg": [
        1321.4912029951677,
        669.8230227226915,
        1778.3782251644761,
        827.1523504053758
    ],
    "0000055.jpg": [
        1335.026522698336,
        663.8678996694689,
        1810.912077571746,
        828.0947164704595
    ],
    "0000056.jpg": [
        1349.9634919453206,
        665.7691735256891,
        1846.4165767050113,
        836.8936186317999
    ],
    "0000057.jpg": [
        1366.5511474048556,
        675.6052209081832,
        1885.1752848201377,
        853.1033758196019
    ],