{
    "000000.jpg": [
        257.34157346392476,
        687.3781726608437,
        249.62374576518528,
        738.7331594324714
    ],
    "000001.jpg": [
        332.6467733247207,
        683.5279222313693,
        324.8890515084864,
        734.728488233175
    ],
    "000002.jpg": [
        404.77798664435664,
        682.0139747686683,
        396.9030760842318,
        733.1339504704262
    ],
    "000003.jpg": [
        472.2390165090904,
        681.0944161173742,
        464.1767331262562,
        732.2074287191484
    ],
    "000004.jpg": [
        536.1273025409147,
        679.7161129611461,
        527.992496434073,
        730.9083260340519
    ],
    "000005.jpg": [
        598.0490892454493,
        676.3415605816939,
        589.8039154467782,
        727.6646165909629
    ],
    "000006.jpg": [
        655.0376659825389,
        673.2252345372929,
        646.6762884323341,
        724.7448163255216
    ],
    "000007.jpg": [
        706.5585960567267,
        672.2977981348149,
        698.1474026039007,
        724.0880051051608
    ],
    "000008.jpg": [
        754.9019494928233,
        670.5732718125666,
        746.4313357071279,
        722.6807506357125
    ],
    "000009.jpg": [
        800.670254037523,
        669.4772418176332,
        792.2296140960102,
        721.9592617684517
    ],
    "0000010.jpg": [
        842.1332777504305,
        669.872408223599,
        833.6216331397301,
        722.7540638346358
    ],
    "0000011.jpg": [
        877.8784484421673,
        668.4158176221642,
        869.150422838771,
        721.7109628783405
    ],
    "0000012.jpg": [
        909.5676506156016,
        664.7619435692121,
        900.7276454811247,
        718.5149633286297
    ],
    "0000013.jpg": [
        937.8423630514487,
        661.7053400623587,
        929.0065443736084,
        715.9555345574656
    ],
    "0000014.jpg": [
        960.1885952522481,
        661.0395080764156,
        951.4476697221207,
        715.8272772807184
    ],
    "0000015.jpg": [
        974.4444277534673,
        663.8350489742238,
        965.6672929347708,
        719.1589543062018
    ],
    "0000016.jpg": [
        983.5210492377996,
        668.7656074120575,
        974.6106752458928,
        724.6290505899407
    ],
    "0000017.jpg": [
        990.5185846772225,
        672.2505840098469,
        981.4612210700911,
        728.6693961829826
    ],
    "0000018.jpg": [
        996.0627471236526,
        670.8381092359922,
        986.9183796255962,
        727.8338358536537
    ],
    "0000019.jpg": [
        997.2193216864615,
        668.9751774693523,
        988.0562044010904,
        726.5736306274697
    ],
    "0000020.jpg": [
        996.2229275786659,
        670.6580317271762,
        987.0043623167061,
        728.8718057053677
    ],
    "0000021.jpg": [
        996.1700190977396,
        676.3645060212419,
        986.94527418877,
        735.228707713143
    ],
    "0000022.jpg": [
        996.5289580004979,
        682.2552924214954,
        987.2724935719151,
        741.7882659574547
    ],
    "0000023.jpg": [
        995.5596397526461,
        683.5324709747141,
        986.194972619616,
        743.7440633647892
    ],
    "0000024.jpg": [
        993.7028200720091,
        681.8312458446031,
        984.2465102741403,
        742.7406572079478
    ],
    "0000025.jpg": [
        993.715708547739,
        680.2570232483513,
        984.1997131505943,
        741.8938657457163
    ],
    "0000026.jpg": [
        994.1398656523206,
        680.3676457127539,
        984.6254489856656,
        742.7659230993179
    ],
    "0000027.jpg": [
        994.4611848390122,
        682.2664748192334,
        984.9603307286501,
        745.456589844796
    ],
    "0000028.jpg": [
        995.0142479639015,
        683.012748928667,
        985.4638078306607,
        747.0100642442613
    ],
    "0000029.jpg": [
        996.5215177316977,
        679.3570000913376,
        986.8917281887817,
        744.1802904367341
    ],
    "0000030.jpg": [
        998.0352379907079,
        672.4773539249918,
        988.320924430399,
        738.151930383208
    ],
    "0000031.jpg": [
        999.856008844803,
        665.3779492959605,
        989.9827724878636,
        731.9113810579814
    ],
    "0000032.jpg": [
        1001.9740758059094,
        664.9067080491914,
        991.928278347595,
        732.3293373158402
    ],
    "0000033.jpg": [
        1004.2727294876457,
        670.8679836818227,
        994.047745978507,
        739.2197809039177
    ]
}