{
    "000000.jpg": [
        194.7267204512598,
        685.8202736799127,
        309.37946906519323,
        740.1429742475254
    ],
    "000001.jpg": [
        270.74519390960984,
        681.954903809599,
        384.0522470317003,
        736.1054162370181
    ],
    "000002.jpg": [
        343.4214979062827,
        680.4826997042566,
        455.63442775599896,
        734.4196066509402
    ],
    "000003.jpg": [
        411.25056383177014,
        679.6653873283117,
        522.6423022017923,
        733.3404537705449
    ],
    "000004.jpg": [
        475.3608555872203,
        678.2817408525196,
        586.318828590842,
        732.0031107395383
    ],
    "000005.jpg": [
        537.3915534464688,
        674.9503164237898,
        648.0972194943504,
        728.6705051004468
    ],
    "000006.jpg": [
        594.355538483087,
        671.8778748773581,
        705.057992506669,
        725.662985488483
    ],
    "000007.jpg": [
        645.72956647855,
        670.9161822819035,
        756.724954455375,
        725.0023829788541
    ],
    "000008.jpg": [
        693.8389064404086,
        669.1707108865031,
        805.2842962678448,
        723.5780588120251
    ],
    "000009.jpg": [
        739.3010809618773,
        667.9691145582743,
        851.4195271087996,
        722.9281161854191
    ],
    "0000010.jpg": [
        780.3873458203095,
        668.359500177383,
        893.217400312646,
        723.6907398845482
    ],
    "0000011.jpg": [
        815.6954899731844,
        667.050943827505,
        929.2087901519004,
        722.4586581005526
    ],
    "0000012.jpg": [
        846.8968668525545,
        663.4432996494735,
        961.2846581125785,
        719.1812612583335
    ],
    "0000013.jpg": [
        874.6469373473477,
        660.3199743614263,
        990.0870500850041,
        716.659273307365
    ],
    "0000014.jpg": [
        896.4342718611963,
        659.4985828618985,
        1013.0727131709142,
        716.6638452306918
    ],
    "0000015.jpg": [
        910.1071945830033,
        662.268090947364,
        1027.8570673379645,
        719.9984044292618
    ],
    "0000016.jpg": [
        918.5838079552369,
        667.2701269824613,
        1037.3800290037536,
        725.3728421261222
    ],
    "0000017.jpg": [
        924.9651215762755,
        670.8413911562435,
        1044.8216410549883,
        729.3027310698124
    ],
    "0000018.jpg": [
        929.8756180141115,
        669.4550718105625,
        1050.8765430142641,
        728.4195072941268
    ],
    "0000019.jpg": [
        930.3785050084149,
        667.5441159429552,
        1052.6191411403465,
        727.191493941215
    ],
    "0000020.jpg": [
        928.7093680186634,
        669.2111144518002,
        1052.1904932094076,
        729.489459617728
    ],
    "0000021.jpg": [
        927.9619234252526,
        674.8522586425996,
        1052.7764184461712,
        735.8963096935345
    ],
    "0000022.jpg": [
        927.6072337671488,
        680.7032796150896,
        1053.7680472267398,
        742.4781016400813
    ],
    "0000023.jpg": [
        925.9050369455935,
        682.0153383798535,
        1053.3700272090412,
        744.3783528541719
    ],
    "0000024.jpg": [
        923.2884451165361,
        680.3228237629498,
        1052.120264322186,
        743.3465765411221
    ],
    "0000025.jpg": [
        922.5175780277416,
        678.726139992236,
        1052.795067785764,
        742.5014680924313
    ],
    "0000026.jpg": [
        922.1317937999748,
        678.7519625474446,
        1053.9643898744332,
        743.4391322663117
    ],
    "0000027.jpg": [
        921.6160151670898,
        680.55237189727,
        1055.0676872127801,
        746.20880835711
    ],
    "0000028.jpg": [
        921.3060377279601,
        681.2609883206975,
        1056.3656479730378,
        747.776438434777
    ],
    "0000029.jpg": [
        921.921980656543,
        677.5950738443197,
        1058.6124806992875,
        744.929801277292
    ],
    "0000030.jpg": [
        922.5136446709466,
        670.7076265944378,
        1060.8847089636354,
        738.8806836165575
    ],
    "0000031.jpg": [
        923.3861756069614,
        663.6745964491098,
        1063.4171996773357,
        732.5401797812776
    ],
    "0000032.jpg": [
        924.5305273045802,
        663.2895662217699,
        1066.2636012280266,
        732.835860597631
    ],
    "0000033.jpg": [
        925.8277473992914,
        669.3493070662685,
        1069.3159763200113,
        739.5894291996946
    ]
}