{
    "000000.jpg": [
        1044.9506671710692,
        682.8356895535298,
        1177.4134673564781,
        731.0177164998659
    ],
    "000001.jpg": [
        1046.2251622128438,
        678.9627280693946,
        1180.396421436252,
        727.8537273714267
    ],
    "000002.jpg": [
        1048.418758937148,
        671.323227051118,
        1184.4009529374036,
        721.0489804444834
    ],
    "000003.jpg": [
        1051.9512265491917,
        666.4780056583762,
        1189.8205792249182,
        717.0868520877091
    ],
    "000004.jpg": [
        1055.2545316828302,
        666.6354781509511,
        1195.0591265288022,
        718.1259048103461
    ],
    "000005.jpg": [
        1057.6937337330342,
        667.0726168952517,
        1199.390221356757,
        719.2884274067758
    ],
    "000006.jpg": [
        1059.78554659575,
        664.2228855324922,
        1203.3538244526928,
        717.064966973425
    ],
    "000007.jpg": [
        1062.2790301365908,
        661.9845887059712,
        1207.8314579612327,
        715.6037731992412
    ],
    "000008.jpg": [
        1064.6557318158493,
        662.6155004795593,
        1212.260876799458,
        717.0700573668994
    ],
    "000009.jpg": [
        1066.7949897853634,
        666.9332833470509,
        1216.4613145248452,
        722.1487708348712
    ],
    "0000010.jpg": [
        1068.6933100646297,
        668.3822792552104,
        1220.4795255930414,
        724.4183377479447
    ],
    "0000011.jpg": [
        1071.0894835792046,
        665.6077513412204,
        1225.1192644901614,
        722.6478013682329
    ],
    "0000012.jpg": [
        1073.1289137365816,
        664.3340767598521,
        1229.468561804008,
        722.4337593438506
    ],
    "0000013.jpg": [
        1074.489525360009,
        668.5579391722194,
        1233.2169464647257,
        727.7789415821491
    ],
    "0000014.jpg": [
        1076.0198711647727,
        671.9842281083784,
        1237.0597881157275,
        732.0819747131585
    ],
    "0000015.jpg": [
        1077.5436190943456,
        669.3611234569079,
        1240.87302004268,
        730.2351682360901
    ],
    "0000016.jpg": [
        1079.4262658499633,
        661.4304998222837,
        1245.0984496471465,
        723.1159589692273
    ],
    "0000017.jpg": [
        1081.3644745717363,
        657.4406563032622,
        1249.5224863857673,
        720.1035982054082
    ],
    "0000018.jpg": [
        1083.4648977837362,
        661.5480160685032,
        1254.2462943847033,
        725.310487392726
    ],
    "0000019.jpg": [
        1085.7722703787313,
        669.3292981566774,
        1259.186666196039,
        734.081459390379
    ],
    "0000020.jpg": [
        1088.1230411605518,
        672.2528072697048,
        1264.14120203016,
        737.8615150616424
    ],
    "0000021.jpg": [
        1091.1769385688215,
        666.3251754501356,
        1269.8907740499872,
        732.9008750900239
    ],
    "0000022.jpg": [
        1093.912700840623,
        657.9288141254214,
        1275.5293761342423,
        725.7932252905953
    ],
    "0000023.jpg": [
        1096.4896988858945,
        655.5734547300027,
        1281.1867049783154,
        724.9086083517118
    ],
    "0000024.jpg": [
        1099.2311988297722,
        661.8216820590653,
        1287.0293324786826,
        732.4745329223489
    ],
    "0000025.jpg": [
        1102.1777401131626,
        669.542486791441,
        1293.116634504765,
        741.4314551911893
    ],
    "0000026.jpg": [
        1105.253812330076,
        670.6501196962618,
        1299.4137454592428,
        743.8372597330724
    ],
    "0000027.jpg": [
        1108.4776624461153,
        664.5778363279004,
        1305.955497052061,
        739.1611865448789
    ],
    "0000028.jpg": [
        1111.5336517508026,
        659.476619842988,
        1312.531283425416,
        735.6954282170593
    ],
    "0000029.jpg": [
        1115.1072067927219,
        661.6417606764558,
        1319.695251165363,
        739.3747474495515
    ],
    "0000030.jpg": [
        1119.146023249883,
        670.2485305324491,
        1327.310364733259,
        749.2155545811178
    ],
    "0000031.jpg": [
        1123.2803335132587,
        677.0578170815489,
        1335.1339020524447,
        757.3044093952011
    ],
    "0000032.jpg": [
        1127.5673889874026,
        676.2020161953942,
        1343.2642524888236,
        757.8981876149267
    ],
    "0000033.jpg": [
        1132.0839846927684,
        671.420441718382,
        1351.817822295816,
        754.7793767549922
    ],
    "0000034.jpg": [
        1136.5003802090844,
        665.7964589980222,
        1360.395924395762,
        750.8729026122439
    ],
    "0000035.jpg": [
        1141.4310193283259,
        664.4025985198163,
        1369.6132119260762,
        751.1490364160852
    ],
    "0000036.jpg": [
        1146.4437153517824,
        665.997071478605,
        1379.1997483142518,
        754.6961999692555
    ],
    "0000037.jpg": [
        1152.0159393036097,
        667.6098777669222,
        1389.5792027810444,
        758.4280788960389
    ],
    "0000038.jpg": [
        1157.2014931401,
        669.673493162542,
        1399.741505556616,
        762.701995384857
    ],
    "0000039.jpg": [
        1162.650706628155,
        670.5481538476265,
        1410.2428774126827,
        765.6743800935693
    ],
    "0000040.jpg": [
        1168.4016966238437,
        670.0851042425419,
        1421.1457783544045,
        767.2340786534586
    ],
    "0000041.jpg": [
        1174.7403727357928,
        667.0763733912074,
        1432.8652731829316,
        766.3867961009199
    ],
    "0000042.jpg": [
        1180.1689187718016,
        664.4407756276591,
        1443.9886829390255,
        766.2649206977836
    ],
    "0000043.jpg": [
        1185.3530299008642,
        664.7115566021068,
        1455.1668813808856,
        769.2712137526204
    ],
    "0000044.jpg": [
        1190.813524131128,
        668.7183055295095,
        1466.729747064378,
        775.8339343195144
    ],
    "0000045.jpg": [
        1196.5035178230119,
        674.6028171129439,
        1478.6502307277174,
        784.1446383437847
    ],
    "0000046.jpg": [
        1202.3007263564657,
        676.2123776062879,
        1491.2093793920183,
        788.8503129326472
    ],
    "0000047.jpg": [
        1208.9890503767128,
        676.2604341631163,
        1505.198159649487,
        792.5415965476535
    ],
    "0000048.jpg": [
        1215.337875804163,
        675.9383920727947,
        1519.1747940963235,
        796.1007127860979
    ],
    "0000049.jpg": [
        1221.5508804817973,
        675.094654854163,
        1533.1297260617912,
        798.969502644986
    ],
    "0000050.jpg": [
        1228.3965412798736,
        672.2676522546401,
        1547.8654932540073,
        799.6911298907114
    ],
    "0000051.jpg": [
        1236.3452310525774,
        666.1564881800056,
        1564.223462453554,
        797.5541367751687
    ],
    "0000052.jpg": [
        1244.5034059327759,
        661.5570949809224,
        1581.2443241166209,
        797.2045590158676
    ],
    "0000053.jpg": [
        1253.2212566707703,
        660.9318528809871,
        1599.1125241612901,
        800.717468311241
    ],
    "0000054.jpg": [
        1261.7015821850368,
        663.1612976051321,
        1617.1016382575729,
        807.1772090304391
    ],
    "0000055.jpg": [
        1271.5383726140822,
        665.5486912676035,
        1636.9569794178772,
        814.0128786272339
    ],
    "0000056.jpg": [
        1281.7596110744657,
        664.9327809246174,
        1657.8478662033297,
        818.4229283548821
    ],
    "0000057.jpg": [
        1292.294678428902,
        664.62833162605,
        1679.714174167477,
        823.6523524374019
    ],