{
    "000000.jpg": [
        1138.1887155489112,
        683.2735528232374,
        1083.5169234091125,
        731.0177164998659
    ],
    "000001.jpg": [
        1140.5892503339257,
        679.4305894299965,
        1085.3651847156193,
        727.8537273714265
    ],
    "000002.jpg": [
        1143.945538700164,
        671.869552439734,
        1088.2018414688866,
        721.0489804444835
    ],
    "000003.jpg": [
        1148.6755657204108,
        667.1112441742989,
        1092.4141759804363,
        717.0868520877091
    ],
    "000004.jpg": [
        1153.2060362947502,
        667.3472105166047,
        1096.4105656288782,
        718.1259048103462
    ],
    "000005.jpg": [
        1156.8976424948855,
        667.7889655304173,
        1099.4724556481872,
        719.2884274067758
    ],
    "000006.jpg": [
        1160.2677750327387,
        664.895822231796,
        1102.1430209296468,
        717.0649669734252
    ],
    "000007.jpg": [
        1164.0680157870906,
        662.6711578470341,
        1105.2996345673102,
        715.6037731992413
    ],
    "000008.jpg": [
        1167.777128231412,
        663.3332459058316,
        1108.3797718026274,
        717.0700573668994
    ],
    "000009.jpg": [
        1171.2770193333024,
        667.6397276816372,
        1111.1969334789685,
        722.1487708348712
    ],
    "0000010.jpg": [
        1174.5646763076722,
        669.0935942749669,
        1113.8072205182157,
        724.4183377479446
    ],
    "0000011.jpg": [
        1178.3836855164427,
        666.3938987022418,
        1117.012070580434,
        722.6478013682329
    ],
    "0000012.jpg": [
        1181.8732726032306,
        665.2113485490597,
        1119.8985700434673,
        722.4337593438505
    ],
    "0000013.jpg": [
        1184.7122985939914,
        669.5426063889463,
        1122.1507203775684,
        727.7789415821491
    ],
    "0000014.jpg": [
        1187.7554015527792,
        672.9573987831955,
        1124.458628761464,
        732.0819747131585
    ],
    "0000015.jpg": [
        1190.8213845179698,
        670.2705474819834,
        1126.7135346106204,
        730.2351682360901
    ],
    "0000016.jpg": [
        1194.2827410190976,
        662.2859962607281,
        1129.3509831619353,
        723.1159589692273
    ],
    "0000017.jpg": [
        1197.8381352068743,
        658.3057652803543,
        1132.1453436098695,
        720.103598205408
    ],
    "0000018.jpg": [
        1201.596045259201,
        662.4632393282036,
        1135.1881517946808,
        725.310487392726
    ],
    "0000019.jpg": [
        1205.6008023665886,
        670.2276162478439,
        1138.398216282598,
        734.081459390379
    ],
    "0000020.jpg": [
        1209.686698813949,
        673.0589250231061,
        1141.588645761263,
        737.8615150616424
    ],
    "0000021.jpg": [
        1214.5227412154816,
        667.0786083975033,
        1145.5406486307854,
        732.9008750900238
    ],
    "0000022.jpg": [
        1219.0839678565949,
        658.7636835289838,
        1149.3494091061857,
        725.7932252905953
    ],
    "0000023.jpg": [
        1223.5342722483492,
        656.5618067716155,
        1153.1223182302354,
        724.9086083517118
    ],
    "0000024.jpg": [
        1228.1982114178272,
        662.872058335575,
        1157.0117490798564,
        732.4745329223488
    ],
    "0000025.jpg": [
        1233.123494676877,
        670.5917541838708,
        1161.082946448334,
        741.4314551911892
    ],
    "0000026.jpg": [
        1238.2328614858118,
        671.7077793057804,
        1165.3212619642009,
        743.8372597330726
    ],
    "0000027.jpg": [
        1243.5435370133705,
        665.6747582868908,
        1169.7658061152888,
        739.1611865448789
    ],
    "0000028.jpg": [
        1248.7428000058592,
        660.7072602066802,
        1174.1916209719564,
        735.6954282170593
    ],
    "0000029.jpg": [
        1254.5325610909038,
        662.9258106022164,
        1179.112007288288,
        739.3747474495515
    ],
    "0000030.jpg": [
        1260.8562944995704,
        671.4227282375457,
        1184.391752890385,
        749.2155545811178
    ],
    "0000031.jpg": [
        1267.346707763809,
        678.1059299445911,
        1189.8114226024381,
        757.3044093952011
    ],
    "0000032.jpg": [
        1274.0652607936445,
        677.1757414422556,
        1195.4816357470866,
        757.8981876149267
    ],
    "0000033.jpg": [
        1281.0863584865615,
        672.3992715631693,
        1201.514728941972,
        754.7793767549922
    ],
    "0000034.jpg": [
        1288.0800526858166,
        666.7823073941498,
        1207.5032293544189,
        750.8729026122439
    ],
    "0000035.jpg": [
        1295.6728307341193,
        665.3439744629078,
        1214.0316804691188,
        751.1490364160852
    ],
    "0000036.jpg": [
        1303.4368971991214,
        666.991875803595,
        1220.837673811726,
        754.6961999692555
    ],
    "0000037.jpg": [
        1311.8640505054937,
        668.6951223255421,
        1228.3329870114226,
        758.4280788960388
    ],
    "0000038.jpg": [
        1319.987926089376,
        670.8502829690598,
        1235.5308595450633,
        762.701995384857
    ],
    "0000039.jpg": [
        1328.471160457901,
        671.7197569386694,
        1242.9710409874888,
        765.6743800935693
    ],
    "0000040.jpg": [
        1337.3531295662494,
        671.1725733744231,
        1250.7167331402154,
        767.2340786534585
    ],
    "0000041.jpg": [
        1346.940755956891,
        668.1009995404287,
        1259.169491813893,
        766.3867961009199
    ],
    "0000042.jpg": [
        1355.7053349985667,
        665.5361679960355,
        1266.9550524254196,
        766.2649206977837
    ],
    "0000043.jpg": [
        1364.3385221761505,
        665.9313118560356,
        1274.6815890755329,
        769.2712137526204
    ],
    "0000044.jpg": [
        1373.3587975998046,
        669.9077755040405,
        1282.6650099012368,
        775.8339343195145
    ],
    "0000045.jpg": [
        1382.7262393347912,
        675.6208941292097,
        1290.8785459225983,
        784.1446383437847
    ],
    "0000046.jpg": [
        1392.352115597333,
        677.3252854555653,
        1299.6152181008035,
        788.8503129326472
    ],
    "0000047.jpg": [
        1403.0433426692216,
        677.6743057423663,
        1309.6252574118307,
        792.5415965476534
    ],
    "0000048.jpg": [
        1413.5298794678895,
        677.6966877704441,
        1319.5068279897298,
        796.1007127860979
    ],
    "0000049.jpg": [
        1424.0154861047363,
        677.0219268381943,
        1329.2397202475177,
        798.9695026449862
    ],
    "0000050.jpg": [
        1435.2967933427349,
        674.1847535720484,
        1339.5987869311728,
        799.6911298907114
    ],
    "0000051.jpg": [
        1447.8807517425782,
        668.202688407393,
        1351.411148233537,
        797.5541367751687
    ],
    "0000052.jpg": [
        1460.8508007285327,
        663.7780625056736,
        1363.7252099559173,
        797.2045590158675
    ],
    "0000053.jpg": [
        1474.5579350504843,
        663.1437092042937,
        1376.698143328215,
        800.717468311241
    ],
    "0000054.jpg": [
        1488.189660541006,
        665.279692882939,
        1389.6408389655842,
        807.1772090304393
    ],
    "0000055.jpg": [
        1503.41535748415,
        667.5189536084466,
        1404.2234869314289,
        814.0128786272339
    ],
    "0000056.jpg": [
        1519.2391100112443,
        666.9319570857257,
        1419.6897338311128,
        818.4229283548821
    ],
    "0000057.jpg": [
        1535.5930359792048,
        666.761180415281,
        1435.9632138120073,
        823.6523524374019
    ],