{
    "000000.jpg": [
        1320.459223267067,
        656.5759645697258,
        1667.661765629747,
        783.3558930695795
    ],
    "000001.jpg": [
        1328.7964372922108,
        667.850442976937,
        1685.7422535227388,
        797.7754498669506
    ],
    "000002.jpg": [
        1336.1577253133407,
        671.6367518153122,
        1703.2365510050709,
        805.1482055146877
    ],
    "000003.jpg": [
        1342.339618296402,
        665.0240781534607,
        1719.7552364970961,
        802.2535880468191
    ],
    "000004.jpg": [
        1349.220284151983,
        658.6021462575716,
        1737.4157461195969,
        799.4083169624662
    ],
    "000005.jpg": [
        1355.340125390653,
        656.3987055670906,
        1754.9647022817646,
        801.2418480197218
    ],
    "000006.jpg": [
        1361.0481079868912,
        658.6923379100205,
        1772.6784906173368,
        807.6514383408221
    ],
    "000007.jpg": [
        1366.7260103044036,
        661.017002000069,
        1791.0473759519743,
        814.4299865167828
    ],
    "000008.jpg": [
        1373.238731825744,
        660.0622009073239,
        1811.051386485694,
        818.3071517323448
    ],
    "000009.jpg": [
        1381.5945925508058,
        656.3559686631402,
        1833.8579082407593,
        819.7126362509674
    ],
    "0000010.jpg": [
        1391.3774544407815,
        652.2908156841187,
        1859.37381604368,
        821.4893935108669
    ],
    "0000011.jpg": [
        1403.1254492544765,
        652.0946971474035,
        1888.1773632478366,
        827.3361593344042
    ],
    "0000012.jpg": [
        1416.5060317435948,
        653.4690332402679,
        1919.9871163495577,
        835.0039090868969
    ],
    "0000013.jpg": [
        26.381697128301045,
        650.1812454331351,
        762.5654993381103,
        957.8570733545475
    ],
    "0000014.jpg": [
        78.40643562979115,
        651.7652237107861,
        834.3955979507172,
        973.7196472537446
    ],
    "0000015.jpg": [
        133.88123231866072,
        654.0706931476137,
        910.6430852737271,
        991.5873613426834
    ],
    "0000016.jpg": [
        193.98413529922794,
        654.2590756266322,
        992.7573768209987,
        1009.0676116917064
    ],
    "0000017.jpg": [
        259.8734127740069,
        652.4966728925936,
        1081.6894971496456,
        1026.4520639534448
    ],
    "0000018.jpg": [
        331.6996315305285,
        648.7930624171856,
        1177.6849303243343,
        1044.0542954347122
    ],
    "0000019.jpg": [
        409.37826475813364,
        647.2772575667352,
        1280.263115165049,
        1066.8830095309647
    ],
    "0000020.jpg": [
        494.3180942305322,
        649.6664357210134,
        1391.341216558399,
        1097.047737021558
    ],
    "0000021.jpg": [
        588.1017347859716,
        654.0472397633107,
        1512.2166435691556,
        1133.193675636233
    ],
    "0000022.jpg": [
        693.1882686493066,
        656.0611865743949,
        1644.578767064966,
        1171.8599912042737
    ],
    "0000023.jpg": [
        812.6329509389648,
        652.9832269342849,
        1791.125334324814,
        1211.4649726349037
    ]
}