{
    "000000.jpg": [
        807.4150865347518,
        673.9708287598758,
        861.7614604402474,
        720.9411774005198
    ],
    "000001.jpg": [
        801.4655002522334,
        672.2854371835,
        856.3577512428953,
        719.7946588699092
    ],
    "000002.jpg": [
        794.6660626096747,
        674.7419677988632,
        850.087926844643,
        722.8262096040028
    ],
    "000003.jpg": [
        787.3640111848752,
        677.4710255808018,
        843.335178344181,
        726.1288788128342
    ],
    "000004.jpg": [
        780.3224301353864,
        677.2474436166458,
        836.8665526497671,
        726.472971510452
    ],
    "000005.jpg": [
        774.3838387246952,
        674.2134916778887,
        831.5068243763559,
        724.0226472904252
    ],
    "000006.jpg": [
        769.130952404226,
        671.8844308759697,
        826.882288277608,
        722.2401898557782
    ],
    "000007.jpg": [
        764.8776385849214,
        672.8594225922274,
        823.232541638805,
        723.8131264846674
    ],
    "000008.jpg": [
        761.2071186027428,
        674.9391660501324,
        820.1499551848822,
        726.5354292871598
    ],
    "000009.jpg": [
        758.3167426325303,
        677.1227873446353,
        817.8229829469544,
        729.4202013432141
    ],
    "0000010.jpg": [
        756.1434802606325,
        678.2090750563353,
        816.2539896671436,
        731.1903966225417
    ],
    "0000011.jpg": [
        754.3334268094098,
        677.8919194978031,
        815.0549148547412,
        731.588196272683
    ],
    "0000012.jpg": [
        752.6405181491441,
        678.0472153490944,
        814.0083050172605,
        732.4476908319738
    ],
    "0000013.jpg": [
        750.7537483674939,
        680.4986120346965,
        812.7439814334339,
        735.6693335551907
    ],
    "0000014.jpg": [
        749.0116891876958,
        684.4283016544251,
        811.6496241983788,
        740.3773021335471
    ],
    "0000015.jpg": [
        747.7760934996195,
        687.3500933734857,
        811.112376391084,
        744.0605677804936
    ],
    "0000016.jpg": [
        746.6789902442838,
        686.2217645589697,
        810.730268758018,
        743.7225912109777
    ],
    "0000017.jpg": [
        745.8947258050696,
        682.1447949833153,
        810.6945108197253,
        740.4428720022455
    ],
    "0000018.jpg": [
        746.1135806757361,
        678.9163758295567,
        811.6540872254224,
        738.0555092684368
    ],
    "0000019.jpg": [
        747.1476746649273,
        677.8516215910681,
        813.4462570127631,
        737.8477368816984
    ],
    "0000020.jpg": [
        748.1507077256539,
        679.4977505059901,
        815.248630901181,
        740.3505885928115
    ],
    "0000021.jpg": [
        748.4019275683319,
        681.1209304869647,
        816.2525449509009,
        742.9427498650416
    ],
    "0000022.jpg": [
        747.6244069603341,
        682.4954702750221,
        816.2131498372196,
        745.3694715201536
    ],
    "0000023.jpg": [
        746.7367069388406,
        683.2225968344209,
        816.1344978945949,
        747.1184928929454
    ],
    "0000024.jpg": [
        745.5276570873002,
        682.2806520076836,
        815.800614576547,
        747.1814629396532
    ],
    "0000025.jpg": [
        744.0216109183172,
        680.0102522986809,
        815.2275696765255,
        745.9106525643847
    ],
    "0000026.jpg": [
        741.071276649955,
        678.1474230609243,
        813.1646643496664,
        745.1677837895093
    ],
    "0000027.jpg": [
        736.4426535189151,
        680.1522805978354,
        809.4076721168665,
        748.3698201354694
    ],
    "0000028.jpg": [
        730.69772987368,
        685.1409186010932,
        804.5303682132048,
        754.6286161199573
    ],
    "0000029.jpg": [
        723.3310047283837,
        688.4994354889021,
        798.0801923985042,
        759.291797389491
    ],
    "0000030.jpg": [
        715.4275814403552,
        688.5053246650401,
        791.250056561736,
        760.502855910461
    ],
    "0000031.jpg": [
        707.0771848797963,
        685.8334211153713,
        783.9939042230277,
        759.0907140055795
    ],
    "0000032.jpg": [
        698.1317353876012,
        683.9953116897324,
        776.1162725640885,
        758.6287300811686
    ],
    "0000033.jpg": [
        688.9907150024644,
        685.0966586176162,
        768.0386566426973,
        761.1954683997662
    ],
    "0000034.jpg": [
        680.0009206001961,
        685.3042240665774,
        760.1172418509293,
        762.9533447204795
    ],
    "0000035.jpg": [
        671.1056114353463,
        684.5046562381586,
        752.3703034315578,
        763.7204451358023
    ],
    "0000036.jpg": [
        662.1114672982675,
        684.7459961087092,
        744.5692902440419,
        765.5772633055628
    ],
    "0000037.jpg": [
        653.4971203565545,
        686.0464751209886,
        737.1220417673677,
        768.637350538268
    ],
    "0000038.jpg": [
        645.2255957514382,
        690.2120145987006,
        730.0254641400987,
        774.6760089120393
    ],
    "0000039.jpg": [
        637.43025535179,
        693.6825766769674,
        723.457040349352,
        780.0929016307931
    ],
    "0000040.jpg": [
        629.8498411068122,
        696.2082845396047,
        717.240632826009,
        784.5639355933461
    ],
    "0000041.jpg": [
        622.247578358282,
        698.6508140923094,
        711.0965827881796,
        788.997734280489
    ],
    "0000042.jpg": [
        614.6071566717676,
        700.2729950339173,
        704.8447700149821,
        792.8589437602737
    ],
    "0000043.jpg": [
        607.5461906568731,
        702.4225502578365,
        699.1105312880968,
        797.4943600312591
    ],
    "0000044.jpg": [
        599.7703807578388,
        701.9453684953853,
        692.7350393173123,
        799.6245535701127
    ],
    "0000045.jpg": [
        592.1198276447424,
        698.1734600096402,
        686.6495665896069,
        798.4833198208631
    ],
    "0000046.jpg": [
        583.7570303740036,
        693.2906619043945,
        679.9541265516281,
        796.3325062768578
    ],
    "0000047.jpg": [
        575.3656042790753,
        691.2474821008901,
        673.0409701257419,
        797.4253013473591
    ],
    "0000048.jpg": [
        566.4766462250074,
        695.4051919079712,
        665.6856032283538,
        804.851429119891
    ],
    "0000049.jpg": [
        557.2014627950967,
        705.058414764016,
        658.0357573137848,
        817.9375741845126
    ],
    "0000050.jpg": [
        547.8904297802851,
        709.2231192372483,
        650.2569727959459,
        825.9599210753461
    ],
    "0000051.jpg": [
        536.4529491170257,
        706.8165659721202,
        640.589270030699,
        827.5247153001155
    ],
    "0000052.jpg": [
        525.1345928976942,
        701.3561628523546,
        631.1982863735379,
        826.1547994228813
    ],
    "0000053.jpg": [
        514.3852851528611,
        698.7397018870689,
        622.3841423475936,
        827.9100292505956
    ],
    "0000054.jpg": [
        502.61207663378633,
        701.0051966237689,
        612.4824122504374,
        834.9398578277246
    ],
    "0000055.jpg": [
        489.05690999938406,
        702.4197794332098,
        600.5846055493649,
        841.728375198919
    ],
    "0000056.jpg": [
        474.1684784996349,
        699.7515094281439,
        587.2250783256541,
        844.9788288710537
    ],
    "0000057.jpg": [
        458.9102303920375,
        698.4785885070972,
        573.6530544343083,
        849.9301161700507
    ],
    "0000058.jpg": [
        442.4534823088325,
        700.3923229190922,
        558.8011344780576,
        858.5452876985416
    ],