{
    "000000.jpg": [
        800.3996160145758,
        673.5221388614802,
        865.2153368217682,
        721.4318550358937
    ],
    "000001.jpg": [
        794.2729225136078,
        671.8259248111897,
        859.9071677049278,
        720.3004972220588
    ],
    "000002.jpg": [
        787.28486740679,
        674.2936830398072,
        853.7431207950945,
        723.3244918124121
    ],
    "000003.jpg": [
        779.7833944031951,
        677.0170244988477,
        847.1033522993755,
        726.6381055419253
    ],
    "000004.jpg": [
        772.5319511122611,
        676.7704668206643,
        840.7540479250167,
        727.0114617822052
    ],
    "000005.jpg": [
        766.3751210437264,
        673.719109942457,
        835.5190767183235,
        724.5838071460643
    ],
    "000006.jpg": [
        760.8920404903519,
        671.3192404683325,
        831.0253406765354,
        722.8805884921914
    ],
    "000007.jpg": [
        756.3987182149789,
        672.2576616542467,
        827.5151270068162,
        724.4957050880954
    ],
    "000008.jpg": [
        752.478725656521,
        674.3300400082131,
        824.579673451594,
        727.2286914279824
    ],
    "000009.jpg": [
        749.3308914891776,
        676.5488966882522,
        822.4065676824363,
        730.0780607358178
    ],
    "0000010.jpg": [
        746.8901489608402,
        677.6343971412658,
        820.9956444696321,
        731.8507538194225
    ],
    "0000011.jpg": [
        744.8045394698215,
        677.3288913848428,
        819.9589407199123,
        732.2374417052897
    ],
    "0000012.jpg": [
        742.8227628227776,
        677.4646949958601,
        819.0819893261623,
        733.1190557270488
    ],
    "0000013.jpg": [
        740.6364855573265,
        679.9406096014235,
        817.9959703472946,
        736.3158560530654
    ],
    "0000014.jpg": [
        738.5812451978866,
        683.8760040868601,
        817.0879694345024,
        741.0190012267191
    ],
    "0000015.jpg": [
        737.0180484904637,
        686.7575396215194,
        816.7436838618996,
        744.7463020124094
    ],
    "0000016.jpg": [
        735.5843999098436,
        685.6017518318737,
        816.5576966749778,
        744.4384815705006
    ],
    "0000017.jpg": [
        734.4514468299271,
        681.4831594281884,
        816.7229520571502,
        741.2038172195018
    ],
    "0000018.jpg": [
        734.3112627397021,
        678.2396982190137,
        817.8900973574188,
        738.8318440814194
    ],
    "0000019.jpg": [
        734.9749232118431,
        677.1524207076699,
        819.8955762731092,
        738.6466028372693
    ],
    "0000020.jpg": [
        735.5908374934011,
        678.7403648337547,
        821.9196507392049,
        741.2104331902251
    ],
    "0000021.jpg": [
        735.4454943495518,
        680.3960534958484,
        823.1527971124556,
        743.7663637670037
    ],
    "0000022.jpg": [
        734.2562679307675,
        681.8542936220085,
        823.3526239762706,
        746.1024155017485
    ],
    "0000023.jpg": [
        732.9366004028544,
        682.6016758945782,
        823.5214305045246,
        747.8292980080367
    ],
    "0000024.jpg": [
        731.273874316458,
        681.6286836635074,
        823.4440943260171,
        747.9259734062687
    ],
    "0000025.jpg": [
        729.2933821547417,
        679.2887033357832,
        823.1359700047863,
        746.7310570993327
    ],
    "0000026.jpg": [
        725.8463202116085,
        677.4456217000002,
        821.3554379976105,
        745.968915491321
    ],
    "0000027.jpg": [
        720.6898289762547,
        679.5091025851443,
        817.9041353244153,
        749.1115922225109
    ],
    "0000028.jpg": [
        714.3847370669795,
        684.5814303846297,
        813.3556016718763,
        755.2852051430478
    ],
    "0000029.jpg": [
        706.4195111924366,
        688.0019154918122,
        807.2565871686517,
        759.8891766198913
    ],
    "0000030.jpg": [
        697.8666350577744,
        687.908896523335,
        800.8013884121505,
        761.2178213209128
    ],
    "0000031.jpg": [
        688.8219698965486,
        685.1514667064386,
        793.9488821640781,
        759.9098847720466
    ],
    "0000032.jpg": [
        679.134708722342,
        683.29204590047,
        786.5099451635282,
        759.4832834121165
    ],
    "0000033.jpg": [
        669.1981962786772,
        684.3966822325846,
        778.9095854571962,
        762.0592739489665
    ],
    "0000034.jpg": [
        659.3559786182922,
        684.6340076039421,
        771.5044450074965,
        763.797411888896
    ],
    "0000035.jpg": [
        649.5420758228994,
        683.8028694919462,
        764.3126891922379,
        764.6125899131374
    ],
    "0000036.jpg": [
        639.55646672556,
        683.9843878068151,
        757.1140906574044,
        766.549481575815
    ],
    "0000037.jpg": [
        629.8798349458347,
        685.2873764127411,
        750.3200548058454,
        769.6206508987176
    ],
    "0000038.jpg": [
        620.4653031971318,
        689.4643779782788,
        743.9323492193724,
        775.660266389819
    ],
    "0000039.jpg": [
        611.4378855534123,
        692.9181979485793,
        738.1288630787594,
        781.1087562176868
    ],
    "0000040.jpg": [
        602.5199804240374,
        695.2984104930466,
        732.7365693795243,
        785.7548136929379
    ],
    "0000041.jpg": [
        593.4624759552294,
        697.5098867829433,
        727.4886249255875,
        790.4602300027848
    ],
    "0000042.jpg": [
        584.2639651670399,
        699.0446520433154,
        722.2056543222891,
        794.4337712209369
    ],
    "0000043.jpg": [
        575.5377305503984,
        701.2280598921786,
        717.5153309416655,
        799.0446268715777
    ],
    "0000044.jpg": [
        565.943855252556,
        700.7535158412098,
        712.2783866068808,
        801.186896689545
    ],
    "0000045.jpg": [
        556.3165705816989,
        696.8536032491534,
        707.4166806105189,
        800.2049222902587
    ],
    "0000046.jpg": [
        545.7982512740302,
        691.780525584546,
        702.0500471119848,
        798.286797400081
    ],
    "0000047.jpg": [
        535.0790939892812,
        689.8029568768435,
        696.5982815278298,
        799.3228759672973
    ],
    "0000048.jpg": [
        523.6330240342984,
        693.9326422216312,
        690.8550516244994,
        806.8004011013608
    ],
    "0000049.jpg": [
        511.53438521691487,
        703.4103211328659,
        684.9889804907016,
        820.1085990843281
    ],
    "0000050.jpg": [
        499.16794498025337,
        707.6157486609117,
        679.1449037270305,
        828.1055082313862
    ],
    "0000051.jpg": [
        484.33411822642023,
        705.0698435025023,
        671.5984188316747,
        829.8600842183647
    ],
    "0000052.jpg": [
        469.2560581549724,
        699.3048337253095,
        664.5403799511075,
        828.8716711339936
    ],
    "0000053.jpg": [
        454.37169822443485,
        696.3397430091728,
        658.2964096515807,
        831.0598615191216
    ],
    "0000054.jpg": [
        438.02211935951635,
        698.2764640975479,
        651.2549470693566,
        838.5079968170397
    ],
    "0000055.jpg": [
        419.3875041209574,
        699.6151940407834,
        642.5601696187841,
        845.4289455221924
    ],
    "0000056.jpg": [
        398.8542421089434,
        697.0455676442269,
        632.7663526840898,
        848.6120750236645
    ],
    "0000057.jpg": [
        377.32170960954267,
        695.661143636853,
        623.1154935343974,
        853.7488079167623
    ],
    "0000058.jpg": [
        353.84335025891045,
        697.3914342801004,
        612.6596133011218,
        862.6450395367173
    ],