{
    "000000.jpg": [
        982.4246653739617,
        661.6734030453871,
        1000.4040949152663,
        683.8043465550395
    ],
    "000001.jpg": [
        987.9548699678235,
        657.4979667616632,
        1005.9557986990528,
        679.7585861834731
    ],
    "000002.jpg": [
        1000.2187773172244,
        657.200130367942,
        1018.2632739786962,
        679.6057837692837
    ],
    "000003.jpg": [
        1018.7605209820741,
        659.2938066037382,
        1036.8621922180585,
        681.85265748902
    ],
    "000004.jpg": [
        1043.0231901534255,
        661.0197898893624,
        1061.2198312974904,
        683.7563486338528
    ],
    "000005.jpg": [
        1071.6638243516315,
        660.6927290602088,
        1089.941868672089,
        683.5963347319823
    ],
    "000006.jpg": [
        1103.3645804213331,
        657.7438829165562,
        1121.657946276136,
        680.7694396427172
    ],
    "000007.jpg": [
        1138.8833485960317,
        655.5014171205801,
        1157.2220742385168,
        678.6699951888572
    ],
    "000008.jpg": [
        1180.599252153722,
        652.6185554109333,
        1199.063238742497,
        675.9847470555425
    ],
    "000009.jpg": [
        1226.5482850128305,
        654.3851841790835,
        1245.2050704706303,
        677.991172091051
    ],
    "0000010.jpg": [
        1275.0004523650393,
        659.3604995279741,
        1293.8776196497997,
        683.2211821396302
    ],
    "0000011.jpg": [
        1327.1542901578327,
        663.6259717045345,
        1346.2855090913276,
        687.76135408563
    ],
    "0000012.jpg": [
        1385.2483886130574,
        665.4460653952178,
        1404.668031677708,
        689.8774784393639
    ],
    "0000013.jpg": [
        1447.5136550862326,
        665.1337899860864,
        1467.236898262745,
        689.870585104553
    ],
    "0000014.jpg": [
        1514.4900332450434,
        663.9571244967757,
        1534.5783514200962,
        689.0388243945116
    ],
    "0000015.jpg": [
        1585.3020738478851,
        663.3009855001156,
        1605.8525191411516,
        688.7863754139871
    ],
    "0000016.jpg": [
        1659.2775305552734,
        662.7997694558236,
        1680.397175832199,
        688.7563252931668
    ],
    "0000017.jpg": [
        1736.791813946396,
        662.4962518369485,
        1758.5804054512755,
        688.9851834667238
    ],
    "0000018.jpg": [
        84.66930218991563,
        667.8437279928435,
        106.9720391874344,
        694.9787739051022
    ],
    "0000019.jpg": [
        1819.1896901222717,
        660.2303108248566,
        1841.7130203832066,
        687.2880596137142
    ],
    "0000020.jpg": [
        170.1924117245673,
        664.5626971112531,
        192.00588358939225,
        691.5033882026696
    ],
    "0000021.jpg": [
        255.25576772747843,
        660.5897887029181,
        276.648283180745,
        687.3711376512161
    ],
    "0000022.jpg": [
        338.89633534689807,
        655.5291298034755,
        359.9550459544762,
        682.2011125253988
    ],
    "0000023.jpg": [
        421.8289776068093,
        649.5092363522618,
        442.66129549960334,
        676.1411782066625
    ],
    "0000024.jpg": [
        504.20059298579713,
        642.843344484117,
        524.8342815881089,
        669.4482834831796
    ],
    "0000025.jpg": [
        585.6695678280302,
        637.7233455204382,
        606.200807935628,
        664.3704283673776
    ],
    "0000026.jpg": [
        667.1266788188414,
        635.4075652023188,
        687.5874039354227,
        662.1176813252496
    ],
    "0000027.jpg": [
        748.6462684683008,
        635.0186054152141,
        769.1234534932462,
        661.8507611693394
    ],
    "0000028.jpg": [
        831.0443910151303,
        633.5970888295305,
        851.6144202444052,
        660.5992501674168
    ],
    "0000029.jpg": [
        914.6849897377605,
        632.1482926798492,
        935.3989013546854,
        659.3517795125904
    ],
    "0000030.jpg": [
        998.3010622932478,
        630.0370181906098,
        1019.260474034312,
        657.5109613667403
    ],
    "0000031.jpg": [
        1082.0365331137716,
        629.1535928396889,
        1103.3370607150525,
        656.9603797937772
    ],
    "0000032.jpg": [
        1166.888181184085,
        627.7459671249032,
        1188.6118967644393,
        655.937048576426
    ],
    "0000033.jpg": [
        1252.43624269667,
        624.7901410956773,
        1274.6612251230906,
        653.4144715178832
    ],
    "0000034.jpg": [
        1338.9585522811788,
        621.136770483773,
        1361.7473705379862,
        650.2301947614673
    ],
    "0000035.jpg": [
        1427.1280538683384,
        617.2054920564565,
        1450.5939454614645,
        646.8388826269156
    ],
    "0000036.jpg": [
        1517.8177933744648,
        613.232178752648,
        1542.0773106914016,
        643.4747672916158
    ],
    "0000037.jpg": [
        1610.073667024445,
        608.8501441312969,
        1635.2273123661191,
        639.7573706617487
    ],
    "0000038.jpg": [
        1702.4869481209023,
        602.1521169660595,
        1728.6792303031978,
        633.8177048564437
    ],
    "0000039.jpg": [
        1797.142798586431,
        594.4420532320705,
        1824.492729915277,
        626.9333284050372
    ],
    "0000040.jpg": [
        86.55870722564408,
        592.1580320761714,
        113.23443051092808,
        623.8567377410633
    ],
    "0000041.jpg": [
        179.99701713006613,
        588.4681201168092,
        206.2160914643006,
        619.9811456270292
    ],
    "0000042.jpg": [
        268.8244280534261,
        588.9021432957863,
        294.6811761360542,
        620.2886315282198
    ],
    "0000043.jpg": [
        352.9866992414072,
        591.151251287189,
        378.5705815391142,
        622.4600748717697
    ],
    "0000044.jpg": [
        433.3816389670028,
        589.8410084919541,
        458.83780721420067,
        621.1516026144017
    ],
    "0000045.jpg": [
        511.378498488531,
        588.3540883116167,
        536.7384999817923,
        619.6784098029333
    ],
    "0000046.jpg": [
        584.2090115477833,
        587.059428060855,
        609.5724521065764,
        618.4558034701311
    ],
    "0000047.jpg": [
        651.3942533208822,
        585.5614830991344,
        676.8893332169744,
        617.1095364427449
    ],
    "0000048.jpg": [
        716.0787090451389,
        583.4627917492409,
        741.7544023993452,
        615.1889544961518
    ],
    "0000049.jpg": [
        778.2037286558459,
        579.3111858100707,
        804.1599540544241,
        611.2794350945688
    ],
    "0000050.jpg": [
        836.176713415898,
        580.0403714213393,
        862.4225547761251,
        612.2482691887753
    ],
    "0000051.jpg": [
        889.3175298680643,
        582.9016002128482,
        915.8282994280424,
        615.318474434274
    ],
    "0000052.jpg": [
        938.751800694428,
        580.9748065172123,
        965.5928386385588,
        613.6425000621199
    ],
    "0000053.jpg": [
        985.3536094291434,
        576.5178821072826,
        1012.6214949155151,
        609.5034886646666
    ],
    "0000054.jpg": [
        1025.7368479172746,
        571.4162300409448,
        1053.5161077063121,
        604.7777440272245
    ],
    "0000055.jpg": [
        1058.6434483583698,
        573.1622554558331,
        1086.9180455269814,
        606.8715705593751
    ],
    "0000056.jpg": [
        1087.3754680386717,
        578.2524506892539,
        1116.151167821856,
        612.3013430590388
    ],
    "0000057.jpg": [
        1115.0434809577027,
        582.2201615517878,
        1144.3126569722745,
        616.5987297810594
    ],
    "0000058.jpg": [
        1141.6440771671976,
        580.8892062045884,
        1171.40258425753,
        615.5989957891998
    ],