{
    "000000.jpg": [
        984.8834907936749,
        662.17898812764,
        997.9445389912235,
        683.4699173332446
    ],
    "000001.jpg": [
        990.4438204904003,
        657.9978293129901,
        1003.465600345557,
        679.4350940820698
    ],
    "000002.jpg": [
        1002.7376679241847,
        657.7071661222407,
        1015.7424708576157,
        679.2784796639774
    ],
    "000003.jpg": [
        1021.3094706894501,
        659.8128000863856,
        1034.3105271434827,
        681.5162414412133
    ],
    "000004.jpg": [
        1045.6027902435958,
        661.5679119761212,
        1058.6366364928185,
        683.3906940121318
    ],
    "000005.jpg": [
        1074.27506666007,
        661.2557457688407,
        1087.326056322816,
        683.2189831704836
    ],
    "000006.jpg": [
        1106.00878543213,
        658.2768053051597,
        1119.0080750148352,
        680.435124893803
    ],
    "000007.jpg": [
        1141.5626106572345,
        656.012651185798,
        1154.5359630938215,
        678.3692162055252
    ],
    "000008.jpg": [
        1183.3168531582403,
        653.1407782197665,
        1196.3375196329168,
        675.6788525112884
    ],
    "000009.jpg": [
        1229.3078754871392,
        654.9385389623959,
        1242.4359380908054,
        677.6563073636331
    ],
    "0000010.jpg": [
        1277.8059683884821,
        659.9414033011807,
        1291.0609815642733,
        682.8622201309131
    ],
    "0000011.jpg": [
        1330.0106245975203,
        664.2321714565281,
        1343.4163352487767,
        687.3817708060163
    ],
    "0000012.jpg": [
        1388.1623556691045,
        666.0698481681391,
        1401.7393220553756,
        689.4881856681851
    ],
    "0000013.jpg": [
        1450.4926013499392,
        665.7560449323823,
        1464.2411208224253,
        689.4949766284411
    ],
    "0000014.jpg": [
        1517.5429203319782,
        664.5789110511415,
        1531.5063266778507,
        688.6774907870887
    ],
    "0000015.jpg": [
        1588.4386235591705,
        663.9379309523581,
        1602.6942865877893,
        688.4214198232772
    ],
    "0000016.jpg": [
        1662.5082781477252,
        663.4732627162235,
        1677.1419396018202,
        688.3665483987617
    ],
    "0000017.jpg": [
        1740.128812954505,
        663.2188704887744,
        1755.2157833583108,
        688.5614929702081
    ],
    "0000018.jpg": [
        88.15529236786773,
        668.6345755930895,
        103.49852423355499,
        694.3418029921361
    ],
    "0000019.jpg": [
        1822.6479178585737,
        660.9847735175276,
        1838.2236366683017,
        686.8493601612253
    ],
    "0000020.jpg": [
        173.61466813342793,
        665.3282841814548,
        188.59354891296024,
        690.9008111341832
    ],
    "0000021.jpg": [
        258.62291244345255,
        661.3310114127563,
        273.2886484379663,
        686.8021550730144
    ],
    "0000022.jpg": [
        342.2179879769648,
        656.2556125898798,
        356.6386740435481,
        681.6561857502361
    ],
    "0000023.jpg": [
        425.11400624099946,
        650.2494623220892,
        439.3795022669317,
        675.592007366815
    ],
    "0000024.jpg": [
        507.457757228349,
        643.576133166088,
        521.5783067856254,
        668.9163200004174
    ],
    "0000025.jpg": [
        588.9078489876446,
        638.4751553019806,
        602.9617470752622,
        663.8294817485195
    ],
    "0000026.jpg": [
        670.3544071464114,
        636.1647719646143,
        684.3568337764448,
        661.5817474204432
    ],
    "0000027.jpg": [
        751.8720801809545,
        635.7987078521434,
        765.8927312938866,
        661.302803942399
    ],
    "0000028.jpg": [
        834.277096102646,
        634.4061117599654,
        848.3747228320368,
        660.0338953509865
    ],
    "0000029.jpg": [
        917.9342235007061,
        632.9756135154827,
        932.1404796609711,
        658.7804453677057
    ],
    "0000030.jpg": [
        1001.5769238220313,
        630.9027565811338,
        1015.9732003897818,
        656.9142891601564
    ],
    "0000031.jpg": [
        1085.3492015347636,
        630.0716088708454,
        1100.0106482804056,
        656.3253379054344
    ],
    "0000032.jpg": [
        1170.248412399537,
        628.718125843048,
        1185.2354387758858,
        655.2628294137825
    ],
    "0000033.jpg": [
        1255.855216865516,
        625.8149455546379,
        1271.2233875322365,
        652.7036967440391
    ],
    "0000034.jpg": [
        1342.4480899745113,
        622.1989259077297,
        1358.236110603476,
        649.4994292650558
    ],
    "0000035.jpg": [
        1430.7009313361398,
        618.3172503062995,
        1446.99623296078,
        646.0773750096699
    ],
    "0000036.jpg": [
        1521.488414155142,
        614.3991212483515,
        1538.378395908447,
        642.6787426431587
    ],
    "0000037.jpg": [
        1613.8565441632188,
        610.0666298700498,
        1631.4123225692729,
        638.9342766018948
    ],
    "0000038.jpg": [
        1706.395963818978,
        603.4481891158238,
        1724.7339890133871,
        632.9393057040984
    ],
    "0000039.jpg": [
        1801.194724118827,
        595.8160350280657,
        1820.3999855423567,
        626.0036276213444
    ],
    "0000040.jpg": [
        90.58988151095426,
        592.9355114758752,
        109.22515589656282,
        623.3168615127915
    ],
    "0000041.jpg": [
        183.92692616753268,
        589.2525454383855,
        202.30526914204168,
        619.4450332099816
    ],
    "0000042.jpg": [
        272.6690871241408,
        589.6944076131695,
        290.8529807939661,
        619.7553325844954
    ],
    "0000043.jpg": [
        356.76076499863495,
        591.9442430831505,
        374.81058223579663,
        621.938267897091
    ],
    "0000044.jpg": [
        437.09807940505516,
        590.6547117360452,
        455.1334789175175,
        620.6177795478542
    ],
    "0000045.jpg": [
        515.047254859041,
        589.1608532031928,
        533.0799713294724,
        619.1665382988383
    ],
    "0000046.jpg": [
        587.8410407929122,
        587.8668337329524,
        605.9490450049191,
        617.9570366320177
    ],
    "0000047.jpg": [
        654.99930660618,
        586.398225258734,
        673.291650628166,
        616.5896568000353
    ],
    "0000048.jpg": [
        719.6633024129726,
        584.3216983580317,
        738.1760502744396,
        614.657152243626
    ],
    "0000049.jpg": [
        781.7739020896537,
        580.2181426941793,
        800.5951426419339,
        610.7057180189588
    ],
    "0000050.jpg": [
        839.7369287158876,
        580.9727400992055,
        858.8668105969751,
        611.6599378071518
    ],
    "0000051.jpg": [
        892.8712055062532,
        583.8128631263091,
        912.2782561837884,
        614.7704501824301
    ],
    "0000052.jpg": [
        942.3024897200127,
        581.8764578066163,
        962.0452788069756,
        613.1214398020063
    ],
    "0000053.jpg": [
        988.9038405168805,
        577.4495805693147,
        1009.0741913025906,
        608.9631232419014
    ],
    "0000054.jpg": [
        1029.287858064108,
        572.4149270515657,
        1049.9682067950166,
        604.1744233189232
    ],
    "0000055.jpg": [
        1062.1938020764119,
        574.204624183739,
        1083.3711145620364,
        606.2315458109382
    ],
    "0000056.jpg": [
        1090.9238437696558,
        579.3288833529713,
        1112.6066650949704,
        611.6351265989535
    ],
    "0000057.jpg": [
        1118.5892110219647,
        583.3129558705663,
        1140.7713575344667,
        615.9272400786663
    ],
    "0000058.jpg": [
        1145.1865781811073,
        581.9869767800011,
        1167.86530358506,
        614.9358967174086
    ],