{
    "000000.jpg": [
        1621.883492409342,
        312.7179199294618,
        1700.66206017536,
        381.79318145910713
    ],
    "000001.jpg": [
        1678.5722616954686,
        311.4062319567821,
        1759.0875471233621,
        381.48632046492685
    ],
    "000002.jpg": [
        18.336354271053317,
        728.804192259392,
        105.90774915372762,
        802.2485704150797
    ],
    "000003.jpg": [
        1738.6398902785938,
        311.96632298077697,
        1821.2296911666224,
        383.1225146956967
    ],
    "000004.jpg": [
        85.91582942676938,
        730.1137574906371,
        173.23288502115506,
        803.0756785723254
    ],
    "000005.jpg": [
        1802.7939641043524,
        314.4456624078701,
        1889.0798983239015,
        386.7807224702528
    ],
    "000006.jpg": [
        153.84502597941903,
        732.353639281809,
        240.94424930920687,
        804.9290759508783
    ],
    "000007.jpg": [
        222.8938301416337,
        730.988539158836,
        309.86696084906174,
        803.1220243049858
    ],
    "000008.jpg": [
        292.45147563791244,
        726.9369649013607,
        379.4248839203181,
        798.5996367119341
    ],
    "000009.jpg": [
        362.14862473124873,
        723.0060047231751,
        449.2581304356846,
        794.2894476465716
    ],
    "0000010.jpg": [
        431.4045393275179,
        718.3047560643645,
        518.8267217148787,
        789.3425357037237
    ],
    "0000011.jpg": [
        499.95892345797245,
        715.8082465101616,
        587.9872707655203,
        786.8382567522721
    ],
    "0000012.jpg": [
        568.4794377632575,
        710.6616362298491,
        657.2161519857409,
        781.6976267804702
    ],
    "0000013.jpg": [
        636.4222219229932,
        707.7355740959756,
        726.035071262705,
        778.9125511107507
    ],
    "0000014.jpg": [
        704.1554230509101,
        705.8379154339967,
        794.7052001613845,
        777.1245283649482
    ],
    "0000015.jpg": [
        771.8897681432888,
        706.1307907608243,
        863.5160926758684,
        777.5946575756717
    ],
    "0000016.jpg": [
        840.5619899898893,
        707.0071261594067,
        933.4888962859089,
        778.8042659308071
    ],
    "0000017.jpg": [
        909.7999022107766,
        706.2054472729037,
        1004.199243792491,
        778.3634048204781
    ],
    "0000018.jpg": [
        979.1200973890427,
        706.574196272158,
        1075.26240326798,
        779.262486160931
    ],
    "0000019.jpg": [
        1047.6626050182138,
        708.7923448302214,
        1145.8041324573746,
        782.1413563683216
    ],
    "0000020.jpg": [
        1116.908287536584,
        710.9862204049554,
        1217.2946614570935,
        785.1112018569411
    ],
    "0000021.jpg": [
        1186.066272333768,
        711.8431978733349,
        1288.9802066526881,
        786.8772144718639
    ],
    "0000022.jpg": [
        1255.235329965407,
        710.3071333442523,
        1360.90487727167,
        786.3023132939014
    ],
    "0000023.jpg": [
        1324.8511278408916,
        709.2465430489931,
        1433.600120446424,
        786.35489323546
    ],
    "0000024.jpg": [
        1394.968066088294,
        708.2954514010627,
        1507.119360669227,
        786.6391216397512
    ],
    "0000025.jpg": [
        1465.367205544204,
        706.1401947168538,
        1581.2327003256285,
        785.8362634564247
    ],
    "0000026.jpg": [
        1535.067426910922,
        704.0323755188805,
        1655.0676531589127,
        785.3500102056863
    ],
    "0000027.jpg": [
        1604.1289193658708,
        700.0936402785546,
        1728.6069443814401,
        783.1669859608533
    ],
    "0000028.jpg": [
        1673.4321848300924,
        697.1235266478433,
        1802.7878623252861,
        782.0985468918966
    ],
    "0000029.jpg": [
        1.1643478795801392,
        703.9418077416029,
        137.9081270863743,
        794.9115246026122
    ],
    "0000030.jpg": [
        1742.374613189915,
        696.6507057689151,
        1876.8794769588014,
        783.626084186353
    ],
    "0000031.jpg": [
        70.01170964435997,
        702.48992702036,
        205.7526810778507,
        793.1369476675776
    ],
    "0000032.jpg": [
        134.3414210115635,
        701.176514841305,
        269.64271960974486,
        791.9368717230518
    ],
    "0000033.jpg": [
        196.03905692918983,
        697.6265481667022,
        331.1141262492351,
        788.4930396546406
    ],
    "0000034.jpg": [
        251.8791210297041,
        694.331683506828,
        387.09749081612165,
        785.4618332119462
    ],
    "0000035.jpg": [
        301.3357040173426,
        693.6595376280745,
        437.1728041698268,
        785.4217467984087
    ],
    "0000036.jpg": [
        347.0001992423051,
        692.1383657470915,
        483.6999216686385,
        784.6200788113091
    ],
    "0000037.jpg": [
        389.5881196044137,
        691.732782632871,
        527.5008367265008,
        785.2720163768629
    ],
    "0000038.jpg": [
        427.31854481450375,
        692.2596923152931,
        566.5218851113616,
        786.7133786487328
    ],
    "0000039.jpg": [
        458.7448061339605,
        690.1238136050654,
        599.2771989816497,
        785.2201977530949
    ],
    "0000040.jpg": [
        485.6152099349324,
        686.3553148972644,
        627.8854206904091,
        782.470146857058
    ],
    "0000041.jpg": [
        508.63246804986795,
        683.7773118683683,
        653.0167123648683,
        781.3064371014617
    ],
    "0000042.jpg": [
        525.223568675695,
        684.1179970810157,
        672.1082625416644,
        783.444326753302
    ],
    "0000043.jpg": [
        533.1339304241068,
        687.2210659166915,
        682.5917517048399,
        788.152083309726
    ],
    "0000044.jpg": [
        535.3980697540696,
        691.9509697051606,
        687.4980279880491,
        794.352208909445
    ],
    "0000045.jpg": [
        535.2255498010556,
        695.1956093775777,
        690.1303935765685,
        799.1243428327365
    ],
    "0000046.jpg": [
        533.2303705133482,
        693.8828431670552,
        691.2472076730289,
        799.5847072023954
    ],
    "0000047.jpg": [
        526.290689623648,
        692.5577970975629,
        687.824509443544,
        800.3759478078466
    ],
    "0000048.jpg": [
        516.6864193578141,
        694.6016859745666,
        681.9024771235215,
        804.5698941926252
    ],
    "0000049.jpg": [
        507.6473827188387,
        701.0152437029678,
        676.7827879569103,
        813.4014769783811
    ],
    "0000050.jpg": [
        498.6253214985303,
        707.5086055929694,
        671.8285340953696,
        822.3564324170818
    ],
    "0000051.jpg": [
        487.74811135183006,
        709.0339696897313,
        665.1882816727813,
        826.2631858466098
    ],
    "0000052.jpg": [
        475.3871283123984,
        707.7330015696512,
        657.4193900302739,
        827.5438660742517
    ],
    "0000053.jpg": [
        464.4153186343735,
        706.7681813716038,
        651.3156088294116,
        829.3779465331581
    ],
    "0000054.jpg": [
        453.2711329963552,
        707.8690397343739,
        645.4252549109232,
        833.62676360505
    ],
    "0000055.jpg": [
        441.37279346131,
        710.884509193823,
        639.12594743732,
        840.0247860805796
    ],
    "0000056.jpg": [
        429.0352516793583,
        712.4089247862617,
        632.6327645926941,
        844.9145444107954
    ],
    "0000057.jpg": [
        416.6612206438085,
        709.6889055456846,
        626.5445175748073,
        845.7224879257573
    ],
    "0000058.jpg": [
        403.445560745049,
        703.7649783258637,
        620.0845720973036,
        843.5260039102089
    ],