{
    "000000.jpg": [
        911.4571252752631,
        657.3036437934463,
        898.9162252915074,
        711.988400329946
    ],
    "000001.jpg": [
        911.6935147100245,
        658.043864211142,
        898.9815716586113,
        713.4513690659717
    ],
    "000002.jpg": [
        911.6449998184665,
        662.176402546948,
        898.7007665117808,
        718.3165896622282
    ],
    "000003.jpg": [
        911.3011088956241,
        663.5507768578468,
        898.1426054794135,
        720.4463104304833
    ],
    "000004.jpg": [
        911.3939462445549,
        661.1779884517621,
        898.1060829016136,
        718.8634832076607
    ],
    "000005.jpg": [
        911.0815284325062,
        660.4126673882151,
        897.6731564792128,
        718.9086700348169
    ],
    "000006.jpg": [
        910.0511392388723,
        665.2512004334001,
        896.5199909494546,
        724.5845134411348
    ],
    "000007.jpg": [
        909.1235633424945,
        668.4818284638773,
        895.3290752735209,
        728.6447842555605
    ],
    "000008.jpg": [
        908.1049308259128,
        665.3057925227878,
        893.9963541100319,
        726.2982248606478
    ],
    "000009.jpg": [
        907.3856466089002,
        656.8852733358939,
        892.9776051330293,
        718.7178825183425
    ],
    "0000010.jpg": [
        906.6595274180288,
        652.8313185287739,
        892.0052592254418,
        715.5378444772374
    ],
    "0000011.jpg": [
        906.0452635972415,
        657.1445877536357,
        891.1646312921015,
        720.7596341708621
    ],
    "0000012.jpg": [
        905.5713692834512,
        664.6799597251048,
        890.375103576922,
        729.2191591791367
    ],
    "0000013.jpg": [
        905.0507417650379,
        666.8541215117258,
        889.4623519116557,
        732.3243638438794
    ],
    "0000014.jpg": [
        905.13651403046,
        660.4398849652144,
        889.2119923786655,
        726.8641744916221
    ],
    "0000015.jpg": [
        904.8159305882738,
        652.4463169991703,
        888.6976652156349,
        719.877554406772
    ],
    "0000016.jpg": [
        904.2846299612091,
        650.9632341017713,
        888.0247345555691,
        719.4388269657345
    ],
    "0000017.jpg": [
        903.8345944138483,
        657.4733277979162,
        887.300912079159,
        727.0094850265519
    ],
    "0000018.jpg": [
        903.485953807209,
        665.0338339483619,
        886.5977024063646,
        735.6586999153125
    ],
    "0000019.jpg": [
        903.1434088765369,
        666.0444214716472,
        885.9171355382342,
        737.7905209836531
    ],
    "0000020.jpg": [
        902.8294777376574,
        660.0700881413986,
        885.3091921948882,
        732.9659565020416
    ],
    "0000021.jpg": [
        902.2420552755195,
        655.6786807297059,
        884.5131082951808,
        729.7757600399775
    ],
    "0000022.jpg": [
        902.0669832175851,
        658.0184526723424,
        884.0039402347518,
        733.3354577371922
    ],
    "0000023.jpg": [
        902.2188950435667,
        665.7310704815474,
        883.6226415405633,
        742.2785951463198
    ],
    "0000024.jpg": [
        902.3073203619041,
        671.5465014069372,
        883.1630440305235,
        749.3781248160589
    ],
    "0000025.jpg": [
        902.3822862522487,
        670.0334204943763,
        882.7547664889349,
        749.2014925216688
    ],
    "0000026.jpg": [
        902.5324863122441,
        665.1018061079542,
        882.5005630089975,
        745.6555956828638
    ],
    "0000027.jpg": [
        902.4350836125288,
        659.3345276916984,
        881.9832580293088,
        741.3091798527647
    ],
    "0000028.jpg": [
        902.6849943647711,
        657.4557090384802,
        881.7307036012968,
        740.8776593090373
    ],
    "0000029.jpg": [
        902.8605253608393,
        659.1882642001731,
        881.4774080926021,
        744.137311134504
    ],
    "0000030.jpg": [
        903.4013061847115,
        661.1679339190072,
        881.6099496612522,
        747.714170003324
    ],
    "0000031.jpg": [
        903.3526001859229,
        663.5974250882556,
        881.1364242738329,
        751.806974373151
    ],
    "0000032.jpg": [
        903.3477254606231,
        664.2165312867751,
        880.5931752236656,
        754.1210311969455
    ],
    "0000033.jpg": [
        903.4024044556725,
        662.9960465781504,
        880.0183559966069,
        754.6289794735392
    ],
    "0000034.jpg": [
        903.7886037227211,
        659.358811019474,
        879.7836136765349,
        752.7827379347842
    ],
    "0000035.jpg": [
        903.0387937933831,
        656.9192251237473,
        878.5132374381662,
        752.226686617145
    ],
    "0000036.jpg": [
        901.8470340568518,
        657.7063459692697,
        876.811267799301,
        754.9889585476212
    ],
    "0000037.jpg": [
        900.6253488258074,
        661.2655175221173,
        874.8908183868414,
        760.5655863765875
    ],
    "0000038.jpg": [
        899.3458526364417,
        665.8352332394164,
        872.7531668044782,
        767.2075759356458
    ],
    "0000039.jpg": [
        897.8849585149754,
        667.758246702506,
        870.661376360041,
        771.3647971403399
    ],
    "0000040.jpg": [
        896.9973963041427,
        669.3563421129272,
        869.2963539892263,
        775.3387292609361
    ],
    "0000041.jpg": [
        895.4429451268239,
        670.8195185899328,
        867.2636363628019,
        779.2929357618586
    ],
    "0000042.jpg": [
        893.3626988990349,
        670.6775834850226,
        864.5060286433137,
        781.7018653318487
    ],
    "0000043.jpg": [
        891.4604118974627,
        667.4599915833586,
        861.7292019008809,
        781.0833641207937
    ],
    "0000044.jpg": [
        890.1871043688407,
        661.7635692989555,
        859.6725142607401,
        778.1047129042561
    ],
    "0000045.jpg": [
        888.6953905023925,
        657.8181051389439,
        857.3797011058739,
        776.9941474843586
    ],
    "0000046.jpg": [
        887.2105281407719,
        656.746345288755,
        854.8565048733054,
        778.8322429018639
    ],
    "0000047.jpg": [
        884.9911922852338,
        658.0285115174302,
        851.4517097422518,
        783.1369111671779
    ],
    "0000048.jpg": [
        883.5378089656375,
        659.155014597725,
        848.7144382732068,
        787.4265782574687
    ],
    "0000049.jpg": [
        881.8692026293487,
        658.279100184548,
        845.8635921535817,
        789.8870776827962
    ],
    "0000050.jpg": [
        879.8534875653843,
        658.2951855045877,
        842.6755103023282,
        793.4310792528712
    ],
    "0000051.jpg": [
        878.0054779688719,
        660.6917880734992,
        839.5762536248296,
        799.5386257044152
    ],
    "0000052.jpg": [
        875.7323398307608,
        662.5362945089914,
        835.9011267399553,
        805.275268117119
    ],
    "0000053.jpg": [
        873.3444169070979,
        661.7851036258004,
        832.0064875880147,
        808.5886655970172
    ],
    "0000054.jpg": [
        870.7469221192024,
        660.2010269541584,
        827.9063685148229,
        811.2756296888449
    ],
    "0000055.jpg": [
        868.6565505136455,
        659.4720861211241,
        824.2687191082633,
        815.0452618911676
    ],
    "0000056.jpg": [
        866.6893191430113,
        660.9560311933,
        820.7247821924917,
        821.2725845136005
    ],
    "0000057.jpg": [
        864.4068693609454,
        663.4978178621302,
        816.6204777924103,
        828.7757246372242
    ],
    "0000058.jpg": [
        862.1329140860046,
        665.6190980331085,
        812.2910276957377,
        836.0627123134135
    ],