{
    "000000.jpg": [
        838.784548063283,
        656.2346945811612,
        968.7927877036574,
        712.3125428070105
    ],
    "000001.jpg": [
        838.0516316041562,
        656.9333045258223,
        969.7572184054717,
        713.7984511778538
    ],
    "000002.jpg": [
        837.0101017240692,
        661.0790723954339,
        970.4028609807092,
        718.6284950368237
    ],
    "000003.jpg": [
        835.6494357293991,
        662.4448663692468,
        970.7879567211527,
        720.7453238243851
    ],
    "000004.jpg": [
        834.7035120921117,
        659.9725567467012,
        971.7056102484138,
        719.2440477970955
    ],
    "000005.jpg": [
        833.3266006063363,
        659.0877472493346,
        972.2494245867433,
        719.3914692110428
    ],
    "000006.jpg": [
        831.1985907260218,
        663.7864413410045,
        972.1065636750069,
        725.1909394425562
    ],
    "000007.jpg": [
        829.1533243954956,
        667.028867183124,
        971.9511282127178,
        729.2141400346476
    ],
    "000008.jpg": [
        827.0006025183345,
        663.9308998962255,
        971.6640388003264,
        726.7597349200142
    ],
    "000009.jpg": [
        825.1253152887018,
        655.5770440229063,
        971.703437929411,
        719.0823218865443
    ],
    "0000010.jpg": [
        823.2078775328744,
        651.5104069794921,
        971.8211451912108,
        715.8880063743828
    ],
    "0000011.jpg": [
        821.3664779602597,
        655.7604251664637,
        972.1102536409112,
        721.1478779731837
    ],
    "0000012.jpg": [
        819.6362671927178,
        663.3146463006539,
        972.4863707705063,
        729.5573455859079
    ],
    "0000013.jpg": [
        817.8373848663019,
        665.599222583136,
        972.7569175773247,
        732.51421625081
    ],
    "0000014.jpg": [
        816.618982864372,
        659.2459061539946,
        973.6986709614423,
        726.9560448873215
    ],
    "0000015.jpg": [
        814.9514721681624,
        651.1488735268589,
        974.3997238320409,
        720.0447681865442
    ],
    "0000016.jpg": [
        813.0292379135562,
        649.4777607627906,
        974.9839208474946,
        719.7702705584676
    ],
    "0000017.jpg": [
        811.1486458678994,
        655.9112837549181,
        975.5722208531137,
        727.3854726781293
    ],
    "0000018.jpg": [
        809.329106756666,
        663.4695551655129,
        976.2240794268413,
        735.9983383149781
    ],
    "0000019.jpg": [
        807.4772064277247,
        664.4652311834278,
        976.9210206640423,
        738.1053767198313
    ],
    "0000020.jpg": [
        805.6184386502669,
        658.4396340054458,
        977.706270181953,
        733.2929724298638
    ],
    "0000021.jpg": [
        803.4342524032378,
        653.8865623991501,
        978.3419315741918,
        730.2312520384883
    ],
    "0000022.jpg": [
        801.6097062910153,
        656.1619711767436,
        979.331540747216,
        733.8133234838391
    ],
    "0000023.jpg": [
        800.0677448985397,
        664.0011457580849,
        980.5129339002359,
        742.5722510837438
    ],
    "0000024.jpg": [
        798.4107187469712,
        669.9567013023903,
        981.6581294199159,
        749.4699636618466
    ],
    "0000025.jpg": [
        796.6855299003747,
        668.5202386818011,
        982.8829985380195,
        749.201492521669
    ],
    "0000026.jpg": [
        794.9786807550298,
        663.5736911185772,
        984.2969822009408,
        745.6555956828637
    ],
    "0000027.jpg": [
        792.9643702282486,
        657.7906486230644,
        985.4966912003234,
        741.3091798527647
    ],
    "0000028.jpg": [
        791.2379937870029,
        655.9567828333298,
        987.0263880626018,
        740.8776593090373
    ],
    "0000029.jpg": [
        789.3612108686476,
        657.6222001821176,
        988.6197231412743,
        744.137311134504
    ],
    "0000030.jpg": [
        787.7765994416385,
        659.492059066642,
        990.6601920867623,
        747.714170003324
    ],
    "0000031.jpg": [
        785.5244474974309,
        661.80991265385,
        992.1594647631334,
        751.806974373151
    ],
    "0000032.jpg": [
        783.2467141453996,
        662.4247326678789,
        993.6531984820455,
        754.1210311969454
    ],
    "0000033.jpg": [
        780.9584136465446,
        661.2864388794296,
        995.1774195611531,
        754.6289794735393
    ],
    "0000034.jpg": [
        778.9180250934941,
        657.7067865922381,
        997.105422194681,
        752.7827379347842
    ],
    "0000035.jpg": [
        775.6368325141075,
        655.1814758031082,
        998.0717454657615,
        752.2266866171449
    ],
    "0000036.jpg": [
        771.8069342032862,
        655.8255986562535,
        998.6989294261843,
        754.9889585476212
    ],
    "0000037.jpg": [
        767.8560311498946,
        659.4058613971778,
        999.2075984166344,
        760.5655863765874
    ],
    "0000038.jpg": [
        763.7548807700948,
        664.1403982378566,
        999.5927739061269,
        767.2075759356458
    ],
    "0000039.jpg": [
        759.3311630181055,
        665.9452007363102,
        1000.1084198400767,
        771.3647971403399
    ],
    "0000040.jpg": [
        755.3462233414169,
        667.2143551692197,
        1001.4461763520457,
        775.3387292609361
    ],
    "0000041.jpg": [
        750.5569488080712,
        668.308332888905,
        1002.2215271095024,
        779.2929357618586
    ],
    "0000042.jpg": [
        745.1144872106764,
        667.9781828608233,
        1002.3856365723877,
        781.7018653318487
    ],
    "0000043.jpg": [
        739.7232712323757,
        664.7528411513657,
        1002.642951378457,
        781.0833641207937
    ],
    "0000044.jpg": [
        734.8090204867902,
        658.9159738121497,
        1003.7242589766292,
        778.1047129042561
    ],
    "0000045.jpg": [
        729.5146571797826,
        654.7909827746674,
        1004.7015017055072,
        776.9941474843586
    ],
    "0000046.jpg": [
        724.0655824608838,
        653.7199377630766,
        1005.6131637497128,
        778.8322429018639
    ],
    "0000047.jpg": [
        717.6973587477501,
        655.0809430885498,
        1005.809688859193,
        783.1369111671779
    ],
    "0000048.jpg": [
        711.918234977901,
        656.3284708319061,
        1006.8292316261477,
        787.4265782574687
    ],
    "0000049.jpg": [
        705.7115383259141,
        655.4096351648246,
        1007.8763747127064,
        789.8870776827962
    ],
    "0000050.jpg": [
        698.9296979313677,
        655.2863543662703,
        1008.761725847549,
        793.4310792528712
    ],
    "0000051.jpg": [
        692.0754663895171,
        657.5242376891034,
        1009.9436739617136,
        799.538625704415
    ],
    "0000052.jpg": [
        684.5442966143206,
        659.2830921412733,
        1010.7554583889585,
        805.2752681171189
    ],
    "0000053.jpg": [
        676.6418929908738,
        658.4813396996257,
        1011.5406442120691,
        808.5886655970172
    ],
    "0000054.jpg": [
        668.2404945090316,
        656.7350402010138,
        1012.3307298405293,
        811.2756296888449
    ],
    "0000055.jpg": [
        660.0728423930927,
        655.7836799878986,
        1013.8009595572554,
        815.0452618911676
    ],
    "0000056.jpg": [
        651.7334958328194,
        656.9508561713817,
        1015.6000892400851,
        821.2725845136005
    ],
    "0000057.jpg": [
        642.7804108888527,
        659.3096741653262,
        1017.0964302055497,
        828.7757246372241
    ],
    "0000058.jpg": [
        633.5341690683035,
        661.3741087036998,
        1018.6200009628184,
        836.0627123134134
    ],