{
    "000000.jpg": [
        1584.865132298976,
        704.3157805747901,
        1776.0313818126876,
        789.9792866132025
    ],
    "000001.jpg": [
        1563.2151921085156,
        701.5505166903788,
        1757.895052843342,
        788.5716254026648
    ],
    "000002.jpg": [
        1541.1282179703007,
        696.6609798292843,
        1739.5566153818747,
        785.233788997714
    ],
    "000003.jpg": [
        1519.1173557307575,
        693.6401775068133,
        1721.4869513126444,
        783.8232304860388
    ],
    "000004.jpg": [
        1495.735190488894,
        692.2228391839252,
        1701.9491396752119,
        783.8254885574478
    ],
    "000005.jpg": [
        1471.8684513375738,
        692.1686592325191,
        1681.9425799739302,
        785.0741046359893
    ],
    "000006.jpg": [
        1447.6568210261237,
        692.1571459014293,
        1661.7076768355564,
        786.3721425277838
    ],
    "000007.jpg": [
        1422.9752381462542,
        691.2645302367519,
        1641.2587019454238,
        786.9840781314348
    ],
    "000008.jpg": [
        1397.6524904824582,
        691.621317036758,
        1620.3851975508094,
        788.9719324506349
    ],
    "000009.jpg": [
        1371.4418861127442,
        694.2826131105095,
        1598.7075256021467,
        793.2032547931079
    ],
    "0000010.jpg": [
        1344.4739250033097,
        696.7268643847001,
        1576.3827072078025,
        797.2310560069626
    ],
    "0000011.jpg": [
        1316.7317101134217,
        696.1901003259165,
        1553.4492796371062,
        798.3879263411924
    ],
    "0000012.jpg": [
        1288.2896838796516,
        695.489506311078,
        1530.0497685288317,
        799.5388725506741
    ],
    "0000013.jpg": [
        1259.6581133251163,
        695.6480755099532,
        1506.637527569697,
        801.6028673216922
    ],
    "0000014.jpg": [
        1231.1017605327957,
        698.4645592696577,
        1483.4841446387964,
        806.3518661201607
    ],
    "0000015.jpg": [
        1201.4762542381757,
        701.3135981232431,
        1459.2902459800582,
        811.0379472992911
    ],
    "0000016.jpg": [
        1171.305900141248,
        703.3169522972322,
        1434.6180611534355,
        814.8258255298094
    ],
    "0000017.jpg": [
        1142.0737598138537,
        703.9321149496824,
        1411.0615910969848,
        817.2676746210946
    ],
    "0000018.jpg": [
        1113.466430936722,
        704.6249156550991,
        1388.2941939248494,
        819.8297960731122
    ],
    "0000019.jpg": [
        1085.569213087742,
        705.9402505768577,
        1366.531797319317,
        823.2412731637311
    ],
    "0000020.jpg": [
        1059.5140358819651,
        707.9147432637853,
        1346.8071179501799,
        827.4003417259836
    ],
    "0000021.jpg": [
        1035.7293442250962,
        709.5606312258835,
        1329.4424078216996,
        831.1899341423984
    ],
    "0000022.jpg": [
        1016.212351002093,
        708.6617593035357,
        1316.4933062073503,
        832.4050208267039
    ],
    "0000023.jpg": [
        1002.7233355351407,
        705.5959239797435,
        1309.7728066946468,
        831.4622616242603
    ],
    "0000024.jpg": [
        995.8342621896933,
        706.0696020851027,
        1310.0133598315815,
        834.2945990457312
    ],
    "0000025.jpg": [
        995.1611859825701,
        708.9009958394566,
        1316.7623327178699,
        839.6376750734555
    ],
    "0000026.jpg": [
        1000.1164689923577,
        711.0401460798889,
        1329.5552684693655,
        844.6404276964001
    ],
    "0000027.jpg": [
        1009.3884910833515,
        711.506470236684,
        1346.8033977551122,
        847.8092604893578
    ],
    "0000028.jpg": [
        1021.7149557733791,
        710.3187700683659,
        1366.9716568410092,
        848.6025176927335
    ],
    "0000029.jpg": [
        1037.5927455577853,
        709.7043463046759,
        1391.171970841606,
        850.1973368263892
    ],
    "0000030.jpg": [
        1059.3815261596283,
        707.885855683682,
        1422.150118615734,
        851.29622910481
    ],
    "0000031.jpg": [
        1085.2150623038274,
        710.482057638232,
        1458.005482379774,
        857.3801114087804
    ],
    "0000032.jpg": [
        1113.200824222932,
        716.4668326875084,
        1496.6440801884544,
        866.9743605306595
    ],
    "0000033.jpg": [
        1144.6124233261012,
        721.9106417290092,
        1539.439514573936,
        876.16231202298
    ],
    "0000034.jpg": [
        1181.6781527398612,
        725.2867281290429,
        1588.8442604118184,
        883.3494751736287
    ],
    "0000035.jpg": [
        1222.5841561046577,
        726.9247283073875,
        1642.99371428109,
        888.6080540391536
    ],
    "0000036.jpg": [
        1267.7085330765071,
        727.59561418531,
        1702.7328100544414,
        893.4370972985434
    ],
    "0000037.jpg": [
        1315.9795783794564,
        728.8529590637883,
        1767.2914636446399,
        899.4321140013526
    ],
    "0000038.jpg": [
        1366.608567994508,
        730.365328629439,
        1836.08799486417,
        906.2937877157264
    ],
    "0000039.jpg": [
        1419.82909368094,
        732.273092532817,
        1909.5169198178244,
        914.0879817518377
    ],
    "0000040.jpg": [
        60.02464563192095,
        718.082725716784,
        621.2623322021939,
        944.9644579574377
    ],
    "0000041.jpg": [
        134.60784686117168,
        714.1443206633314,
        701.3820898154481,
        945.5527351801062
    ],
    "0000042.jpg": [
        209.75594022425332,
        713.1742249002084,
        783.3397213053223,
        949.2339615329615
    ],
    "0000043.jpg": [
        285.3274854323306,
        714.201674169311,
        867.6044593688181,
        955.9165540931277
    ],
    "0000044.jpg": [
        362.2205971504796,
        715.1322137759585,
        955.004023466611,
        963.3357568255477
    ],
    "0000045.jpg": [
        440.2031532327141,
        716.3621352371508,
        1045.6653665491046,
        971.484470743484
    ],
    "0000046.jpg": [
        518.036972800276,
        717.0402832890038,
        1139.0767243482032,
        980.4505528703415
    ],
    "0000047.jpg": [
        596.0686582839539,
        719.2354300993373,
        1235.81896299476,
        992.3353597497396
    ],
    "0000048.jpg": [
        675.5519904343241,
        721.0309545160778,
        1337.4278312643519,
        1005.1156479356167
    ],
    "0000049.jpg": [
        756.0436981258991,
        721.5767205734263,
        1443.913590693055,
        1017.9574373241992
    ],
    "0000050.jpg": [
        838.1033359174386,
        721.7365689462669,
        1556.3543766834446,
        1031.700223554367
    ],
    "0000051.jpg": [
        922.648137184907,
        722.0238662633858,
        1676.9089607282092,
        1047.6677505490263
    ],
    "0000052.jpg": [
        1009.5495906357395,
        721.3696875430769,
        1806.9662793059229,
        1064.7470859010598
    ],
    "0000053.jpg": [
        23.59170403160078,
        710.207815531446,
        1041.0068140224864,
        1244.2742152796236
    ],
    "0000054.jpg": [
        166.67017389575594,
        710.7111180695025,
        1194.5185257479632,
        1272.6258046592168
    ]
}