{
    "000000.jpg": [
        1681.76691625395,
        704.9320424687119,
        1683.219532519208,
        789.9792866132026
    ],
    "000001.jpg": [
        1662.9194504894972,
        702.2289132688169,
        1662.3075313466577,
        788.571625402665
    ],
    "000002.jpg": [
        1643.7465168438366,
        697.560471514346,
        1641.090493502934,
        785.233788997714
    ],
    "000003.jpg": [
        1624.7862655805845,
        694.7755827376538,
        1619.999582453705,
        783.8232304860388
    ],
    "000004.jpg": [
        1604.5530957675792,
        693.3868036538014,
        1597.3263900375796,
        783.8254885574477
    ],
    "000005.jpg": [
        1583.9660382243594,
        693.2141410073125,
        1574.0382069198924,
        785.0741046359893
    ],
    "000006.jpg": [
        1563.1700802959497,
        693.0612089078443,
        1550.377287323081,
        786.3721425277837
    ],
    "000007.jpg": [
        1542.0381859706858,
        692.1699936997262,
        1526.3728891888113,
        786.9840781314348
    ],
    "000008.jpg": [
        1520.409841390553,
        692.5977818212377,
        1501.7951778742458,
        788.9719324506349
    ],
    "000009.jpg": [
        1498.04744185315,
        695.2401632488207,
        1476.2422909073812,
        793.2032547931079
    ],
    "0000010.jpg": [
        1475.0780280833123,
        697.6332061136121,
        1449.8826122178796,
        797.2310560069626
    ],
    "0000011.jpg": [
        1451.4871327105116,
        697.1082529618797,
        1422.7632619027227,
        798.3879263411923
    ],
    "0000012.jpg": [
        1427.3594153516906,
        696.510411528254,
        1395.0126630271359,
        799.538872550674
    ],
    "0000013.jpg": [
        1403.210211420203,
        696.7770706989055,
        1367.0673395495198,
        801.6028673216922
    ],
    "0000014.jpg": [
        1379.315247839668,
        699.678981215253,
        1339.1781826544038,
        806.3518661201606
    ],
    "0000015.jpg": [
        1354.5013325315463,
        702.5156138689904,
        1310.0805307143628,
        811.0379472992911
    ],
    "0000016.jpg": [
        1329.301287895188,
        704.4379549472533,
        1280.329038899402,
        814.8258255298094
    ],
    "0000017.jpg": [
        1305.216408481141,
        704.9739043469323,
        1251.497354403428,
        817.2676746210947
    ],
    "0000018.jpg": [
        1281.9181177370651,
        705.5942419491105,
        1223.2701065279402,
        819.8297960731122
    ],
    "0000019.jpg": [
        1259.5138529753026,
        706.9476169941296,
        1195.8448965632438,
        823.241273163731
    ],
    "0000020.jpg": [
        1239.108171122995,
        708.9856997402193,
        1170.2653629869667,
        827.4003417259836
    ],
    "0000021.jpg": [
        1221.1339493662504,
        710.5864045628094,
        1146.8387070066065,
        831.1899341423983
    ],
    "0000022.jpg": [
        1207.5817222369901,
        709.6011196737941,
        1127.6210999763875,
        832.4050208267038
    ],
    "0000023.jpg": [
        1200.218324333187,
        706.4174072804383,
        1114.4004725573852,
        831.4622616242603
    ],
    "0000024.jpg": [
        1199.607160480136,
        706.8733966298076,
        1107.8897394867406,
        834.2945990457312
    ],
    "0000025.jpg": [
        1205.35546739065,
        709.7174984925164,
        1107.6413963362004,
        839.6376750734554
    ],
    "0000026.jpg": [
        1216.8996778271598,
        712.0093688323145,
        1113.188761741997,
        844.6404276964004
    ],
    "0000027.jpg": [
        1232.9361922586236,
        712.4966830534652,
        1122.920145074619,
        847.8092604893578
    ],
    "0000028.jpg": [
        1252.2178612292641,
        710.920701340675,
        1135.26865869113,
        848.6025176927336
    ],
    "0000029.jpg": [
        1275.3351396802066,
        709.9730403631996,
        1151.2651825959747,
        850.1973368263891
    ],
    "0000030.jpg": [
        1304.740655304149,
        708.0948223494026,
        1173.5521078091592,
        851.29622910481
    ],
    "0000031.jpg": [
        1338.5702233983352,
        710.7993971730485,
        1200.1911214078193,
        857.3801114087804
    ],
    "0000032.jpg": [
        1374.9705953400787,
        716.847935124996,
        1229.0381321364223,
        866.9743605306595
    ],
    "0000033.jpg": [
        1415.2787338300916,
        722.3178613710248,
        1261.402915011057,
        876.16231202298
    ],
    "0000034.jpg": [
        1461.897490865816,
        725.6132775310481,
        1299.520005308017,
        883.3494751736284
    ],
    "0000035.jpg": [
        1513.0718399463738,
        726.969436611325,
        1341.458864957376,
        888.6080540391537
    ],
    "0000036.jpg": [
        1569.3446533272227,
        727.5956141853098,
        1387.8666568510846,
        893.4370972985436
    ],
    "0000037.jpg": [
        1629.7252786537363,
        728.8529590637884,
        1437.8676601530908,
        899.4321140013528
    ],
    "0000038.jpg": [
        1693.5360754083003,
        730.365328629439,
        1490.738977991469,
        906.2937877157264
    ],
    "0000039.jpg": [
        1761.1690158966783,
        732.2730925328171,
        1546.6501810701195,
        914.0879817518374
    ],
    "0000040.jpg": [
        475.4906257709503,
        719.4349497410016,
        205.54217989875764,
        944.9644579574378
    ],
    "0000041.jpg": [
        553.7746928253241,
        715.3706935456779,
        279.52179554240627,
        945.5527351801063
    ],
    "0000042.jpg": [
        633.451640534851,
        714.1366747795756,
        354.3030595372853,
        949.2339615329613
    ],
    "0000043.jpg": [
        714.5520813445148,
        715.0248837520405,
        430.2495405259045,
        955.9165540931277
    ],
    "0000044.jpg": [
        797.9356204499313,
        715.7784646131456,
        508.21598500599225,
        963.3357568255477
    ],
    "0000045.jpg": [
        883.778619703427,
        716.6822433197693,
        587.7688290722734,
        971.484470743484
    ],
    "0000046.jpg": [
        971.0737483309048,
        717.1707143914668,
        668.2348308102607,
        980.4505528703415
    ],
    "0000047.jpg": [
        1060.2669562099427,
        719.2450126821441,
        749.9719179842479,
        992.3353597497396
    ],
    "0000048.jpg": [
        1152.7764120076688,
        721.0309545160777,
        834.2533972639197,
        1005.1156479356166
    ],
    "0000049.jpg": [
        1248.422544168755,
        721.5767205734263,
        920.7517901207254,
        1017.9574373241991
    ],
    "0000050.jpg": [
        1348.0662213305893,
        721.7365689462667,
        1010.0616566667117,
        1031.7002235543669
    ],
    "0000051.jpg": [
        1453.0008599762227,
        722.0238662633858,
        1103.794344374867,
        1047.6677505490263
    ],
    "0000052.jpg": [
        1563.998372268968,
        721.3696875430769,
        1202.0307356916426,
        1064.7470859010602
    ],
    "0000053.jpg": [
        728.088728008569,
        710.207815531446,
        393.0645726697407,
        1244.2742152796236
    ],
    "0000054.jpg": [
        862.3133120172499,
        710.7111180695026,
        561.6700439509056,
        1272.625804659216
    ]
}