{
    "000000.jpg": [
        17.76866147571822,
        632.881473765102,
        395.6665607408383,
        777.6956141805472
    ],
    "000001.jpg": [
        44.65018842383882,
        634.366305437135,
        430.04004236466926,
        783.7857493774058
    ],
    "000002.jpg": [
        73.53751965206287,
        636.6200968972723,
        466.19150286232565,
        790.0178990337153
    ],
    "000003.jpg": [
        103.98809869430201,
        634.2803092517597,
        503.82863317219415,
        791.0025953052672
    ],
    "000004.jpg": [
        136.66450372909802,
        627.6764125665687,
        543.732348544637,
        787.4478613164199
    ],
    "000005.jpg": [
        170.36058138307462,
        623.9840529864867,
        585.2381449207003,
        787.870463204947
    ],
    "000006.jpg": [
        205.61066646221582,
        626.3439206224978,
        628.8459934040076,
        795.5617579723646
    ],
    "000007.jpg": [
        242.7907856083289,
        632.4542455561545,
        674.5214671587969,
        807.259429246145
    ],
    "000008.jpg": [
        282.27022608943963,
        634.8130435773024,
        722.366034962079,
        814.5423248999831
    ],
    "000009.jpg": [
        324.7972577579025,
        629.7690832748771,
        773.2245146991194,
        813.9731236070475
    ],
    "0000010.jpg": [
        368.99683373078847,
        619.8470022747822,
        826.3770541437204,
        810.0259262351734
    ],
    "0000011.jpg": [
        415.1353137798668,
        614.976899141436,
        882.2320810865824,
        811.5099528521483
    ],
    "0000012.jpg": [
        464.08347767390876,
        618.4102330483169,
        941.1943373820492,
        821.8802459616701
    ],
    "0000013.jpg": [
        516.0131079778195,
        622.2739695941028,
        1003.3802255344034,
        833.4951645083136
    ],
    "0000014.jpg": [
        572.3613877306582,
        621.0148865101036,
        1069.9038757375795,
        839.7015648860812
    ],
    "0000015.jpg": [
        632.3332211622156,
        613.8923644359198,
        1140.056080280805,
        840.4389019896802
    ],
    "0000016.jpg": [
        695.9139487455317,
        606.1254442903066,
        1214.3915299354976,
        841.6128009417939
    ],
    "0000017.jpg": [
        764.1318231787553,
        605.8525814749902,
        1293.7979299326412,
        850.9784421147267
    ],
    "0000018.jpg": [
        838.0661082290449,
        612.1175495923583,
        1379.1294540082959,
        867.6628010856075
    ],
    "0000019.jpg": [
        918.0766791337289,
        616.3959792190365,
        1470.5927610603442,
        883.2941511066955
    ],
    "0000020.jpg": [
        1005.1007339817572,
        614.3657462235495,
        1568.7992774283748,
        893.6863449718817
    ],
    "0000021.jpg": [
        1099.5201381755517,
        608.4903503123801,
        1674.329811085308,
        901.3872506712169
    ],
    "0000022.jpg": [
        1201.583460882286,
        603.0542042651255,
        1787.5699142710296,
        911.0358912895771
    ],
    "0000023.jpg": [
        1312.6127098283014,
        600.1048821074911,
        1909.9221617058577,
        924.7405887921033
    ],
    "0000024.jpg": [
        13.367280466097965,
        172.61238174017817,
        563.4542071406164,
        524.1014266683376
    ],
    "0000025.jpg": [
        181.84428368341915,
        173.56261102302142,
        681.8912097738187,
        524.9620440575344
    ],
    "0000026.jpg": [
        350.08540462959536,
        175.24938319462544,
        799.8927294475668,
        526.0853567312115
    ],
    "0000027.jpg": [
        517.9653144721432,
        175.59098511210553,
        918.845840754888,
        525.7471371042636
    ],
    "0000028.jpg": [
        683.766606651263,
        173.2650770409544,
        1082.798030505343,
        522.8979434798905
    ],
    "0000029.jpg": [
        847.8432061686391,
        171.064823633473,
        1245.3081497470446,
        520.2087590302788
    ],
    "0000030.jpg": [
        982.1092422277408,
        172.89798720904327,
        1406.012965906138,
        522.0800394997682
    ],
    "0000031.jpg": [
        1096.1484846513,
        174.95612641234712,
        1565.6575516436167,
        524.3441849398592
    ],
    "0000032.jpg": [
        1210.0815981338405,
        171.29720162297272,
        1724.6277493383086,
        520.4647176620571
    ],
    "0000033.jpg": [
        1324.1498536510696,
        163.0149426730094,
        1883.7202728282623,
        512.028322559126
    ]
}